station,place,category,area,opening_hours_ja,total_time_ja,fee_ja,note_ja,opening_hours_en,total_time_en,fee_en,note_en
京都,清水寺,寺社仏閣,東山区（洛東）,"【拝観・開館時間】
　 6:00～18:00
【休日・休館】 無休",約40分,"【料金 （本堂・舞台）】
大人（学生）　：400円
小中学生　　　：200円
※障害者予約無料",,,,,
京都,金閣寺,寺社仏閣,北区（洛西）,"【拝観・開館時間】
　　 9:00～17:00
【休日・休館】 無休",約40分,"【料金 （本堂・舞台）】
大人・高校生：400円
小・中学生　：300円 
未就学児　　：　無料
※本人の身障者手帳提示
　小・中学生：無料
　大人・高校生：１００円引き",,,,,
京都,二条城,景勝地,中京区（洛中）,"【拝観・開館時間】
　8：45～16：00
　（閉城17：00）
【休日・休館】 
12月29日～31日まで",約60分,"【料金 （本堂・舞台）】
一般・個人 600円
一般・団体 500円
中高生 350円
小学生 200円
※二の丸御殿観覧休止日
　一般個人 400円
　一般団体 300円
　中学生・高校生 200円
　小学生 200円",,,,,
京都,祗園,景勝地,東山区（洛東）,"【八坂神社】
 9：00～16：00（祈祷）/境内自由
【錦市場】
 9：00～16：00（一部～20：00）
【高台寺】
 9:00〜17:30 (受付17:00)
 /ライトアップ期間（受付21:30)
【花見小路通】
 ※各店にお問い合わせください
【八坂の塔】
 10:00～16:00（塔内部拝観）
【知恩院】
 9:00～16:30（受付16:00）",＿,＿,,,,,
京都,伏見稲荷大社,寺社仏閣,伏見区（洛南）,"【拝観・開館時間】
　 8:30～16:30
【休日・休館】 無休",約120分,"【料金】
 一般参拝は無料
（但し、ご祈祷拝受は有料）
備考 参拝は昼夜参拝可能／見学所要時間120分はお山めぐりを含む
授与所は7:00～18:00
祈祷は　8:30～16:30",,,,,
京都,京都駅周辺,"京都タワー
SKYWAY
空中庭園",京都駅から徒歩5分圏内,"＜京都タワー＞
拝観・開館時間 9:00～21:00
休日・休館 無休","＜京都タワー＞
約15分","＜京都タワー＞
料金 【大人】 770円（ 600円）
【高校生】 620円（450円〉
【小・中学生】 520円（350円）
【幼児（３歳以上）】 150円
【障がい者（手帳提示）】 350円
（　）内は10名様以上の団体料金
予約方法 電話またはファックス
（電話受付時間：9:00～20:00）
備考 営業時間を変更する場合があります。
（8/16大文字特別観賞、1/1元旦早朝初のぼりは
料金が異なります）
最終入場20:40",,,,,
京都,ギオンコーナー,"テーマパーク
・アミューズメント",東山区（洛東）,"【拝観・開館時間】
 一日二回公演
（1回目18：00/2回目19:00）
【休日・休館】
 7月16日、8月16日、
 12月29日～1月3日",約50分,"【料金】
大人：3,150円
高・大学生：2,200円
小・中学生：1,900円
未就学児：無料
＜修学旅行＞
高校生：1,300円
小・中学生：1,000円",,,,,
京都,東寺,,,"【拝観・開館時間】
  金堂、講堂は、午前8時〜午後5時（午後4時30分 受付終了）
 ※宝物館、観智院は、午前9時〜午後5時（午後4時30分 受付終了）
 
 【休日・休館】
  無休","【見学所要時間】
  約40分","【料金】
   一般 団体割引 障害者 割引
 大人 500円 350円 300円
 大学生 500円 350円 300円
 高校生 400円 280円 200円
 中学生 300円 200円 100円
 小人 300円 200円 100円
 ※金堂・講堂拝観",,,,,
京都,銀閣寺,,,"【拝観・開館時間】
  8:30～17:00
 
 【休日・休館】
  無休","【見学所要時間】
  約40分","【料金】
  一般・大学生 500円
 高校生 500円 
 中学生 300円
 小学生 300円 
 小学生未満無料","【備考】
  拝観時間：
 夏期（ 3月～11月）8:30～17:00
 冬期（12月～ 2月）9:00～16:30",,,,
京都,高野山,,,,,,,,,,
京都,石清水八幡宮,,,,,,,,,,
京都,西本願寺,,,,,"【料金】
  参拝自由",,,,,
京都,東本願寺,,,"【拝観・開館時間】
  5:50～17:30
 
 【休日・休館】
  無休",,"【料金】
  無料","【備考】
  参拝時間：11～2月は6:20～16:30",,,,
京都,平等院,,,,,"【料金】
  庭園＋鳳翔館 大人600円、中高生400円、小学生300円
 鳳凰堂内部拝観 別途300円","【備考】
  鳳凰堂内部拝観
 受付：9：10～16：10 
 （9：30より拝観開始、以後20分毎に1回50名様）
 
 
 【見学所要時間】
 は、庭園+鳳翔館で約50分",,,,
京都,大谷納骨堂,,,,,,,,,,
京都,愛宕念仏寺,,,"【拝観・開館時間】
  9:00～16:00
 
 【休日・休館】
  無休","【見学所要時間】
  約60分","【料金】
  無料","【備考】
  冬期は15:00まで。
 924ｍの山頂に祀られている為、
 登山の用意が必要。
 ※事故防止の為、日中以外の参拝は避けてください。",,,,
京都,化野念仏寺,,,"【拝観・開館時間】
  9:00～16:30
 
 【休日・休館】
  年中無休
 臨時宗教式典、気象状況により休観となります。（積雪・凍結など）","【見学所要時間】
  約20分","【料金】
   一般 団体割引 障害者
 (30人以上) 割引
 大人 500円 400円 無料
 大学生 500円 400円 無料
 高校生 400円 300円 無料
 中学生 400円 300円 無料
 小人 無料（但し保護者同伴）","【備考】
  拝観時間は季節により変動",,,,
京都,大覚寺,,,"【拝観・開館時間】
  9:00～17:00
 
 【休日・休館】
  寺内諸行事などにより、不定期で可能性有り","【見学所要時間】
  約40分","【料金】
  大人 500円 
 小人（小中高生）300円","【備考】
  受付終了：16:30",,,,
京都,祇園寺,,,,,,,,,,
京都,二尊院,,,"【拝観・開館時間】
  9:00～16:30
 
 【休日・休館】
  なし","【見学所要時間】
  約20分","【料金】
   一般 団体割引
 大人 500円 300円 
 大学生 500円 300円 
 高校生 500円 300円 
 中学生 500円 300円 
 小学生以下 0円 0円
 30人以上団体割引",,,,,
京都,常寂光寺,,,"【拝観・開館時間】
  9:00～17:00
 
 【休日・休館】
  無休","【見学所要時間】
  約20分","【料金】
   一般 団体割引
 （30人以上）
 大人 500円 400円
 大学生 500円 400円
 高校生 500円 400円
 中学生 500円 400円
 小人 200円 200円
 障害者 400円","【備考】
  受付終了：16:30",,,,
京都,清涼寺,,,"【拝観・開館時間】
  9:00～16:00
 
 【休日・休館】
  無休","【見学所要時間】
  約30分","【料金】
  本堂
 一般 団体割引（30人
 大人 400円 360円 以上)
 中・高生 300円 270円
 小人 200円 180円
 障害者：手帳提示でご本人のみ無料
 
 共通券（本堂・庭園・霊宝館）
 一般
 大人 700円
 中・高生 500円
 小人 300円","【備考】
  【拝観・開館時間】
 
 【本堂・庭園】
 4･5･10･11月は17:00まで
 【霊宝館】
 4･5･10･11月のみ公開 9:00～17:00",,,,
京都,天龍寺,,,"【拝観・開館時間】
  8:30～17:30
 
 【休日・休館】
  無休","【見学所要時間】
  約30分","【料金】
  参拝
 【料金】
 は庭園（諸堂参拝は300円追加）
 大人 500円、大学生 500円
 高校生 500円、中学生 300円
 小人 300円
 幼稚園児以下無料
 ＜法堂「雲龍図」の特別参拝は別途500円（一律）＞","【備考】
  受付終了：閉門時間の15分前（諸堂）
 参拝終了：10/21～3/20は17:00
 交通案内補足
 JR嵯峨野線 嵯峨嵐山駅前下車 徒歩13分",,,,
京都,法輪寺,,,"【拝観・開館時間】
  9:00～17:00
 
 【休日・休館】
  無休","【見学所要時間】
  約5分","【料金】
  自由参拝",,,,,
京都,松尾大社,,,"【拝観・開館時間】
  5:00～18:00
 
 【休日・休館】
  無休","【見学所要時間】
  約30分",,"【備考】
  受付終了：16:00
 閉門 18：00",,,,
京都,鈴虫寺,,,"【拝観・開館時間】
  9:00～16:30
 
 【休日・休館】
  なし","【見学所要時間】
  約45分","【料金】
  大人 500円 
 大学生 500円 
 高校生 500円 
 中学生 300円 
 子供 300円
 菓子・お茶付き","【備考】
  市バス 大覚寺行松尾下車徒歩10分",,,,
京都,梅宮大社,,,"【拝観・開館時間】
  9:00～17:00
 
 【休日・休館】
  無休","【見学所要時間】
  約30分","【料金】
   一般 団体
 大人 550円 450円
 小人 350円 300円
 20人以上団体割引
 6才以下無料
 中学生以下大人同伴要
 障害者は手帳提示で小人
 【料金】","【備考】
  受付終了：16:30",,,,
京都,車折神社,,,"【拝観・開館時間】
  9:00～17:00
 
 【休日・休館】
  無休","【見学所要時間】
  約20分","【料金】
  境内の拝観は無料",,,,,
京都,西芳寺,,,"【拝観・開館時間】
  約60分
 
 【休日・休館】
  特になし","【見学所要時間】
  約60分","【料金】
  本堂での祈祷（祈祷料としてお一人様3.000円）の後庭園へおまわりください。","【備考】
  入場開始：時間指定
 （往復ハガキの返信にてお知らせします）",,,,
京都,勝持寺,,,"【拝観・開館時間】
  9:00～16:30
 
 【休日・休館】
  2月は要予約","【見学所要時間】
  約30分","【料金】
  大人 400円
 中高生 300円
 小人 200円",,,,,
京都,金蔵寺,,,"【拝観・開館時間】
  8:00～17:00
 
 【休日・休館】
  無休","【見学所要時間】
  約30分","【料金】
  志納（300円）",,,,,
京都,善峯寺,,,,"【見学所要時間】
  約40分",,,,,,
京都,光明寺,,,,,,,,,,
京都,長岡天満宮,,,,,"【料金】
  無料",,,,,
京都,乙訓寺,,,"【拝観・開館時間】
 8:00～17:00
 
 【休日・休館】
  無休",,"【料金】
 
 高校生以上 500円
 中学生以下 無料",,,,,
京都,桂離宮,,,,,,,,,,
京都,城南宮,,,"【拝観・開館時間】
  9:00～16:30
 
 【休日・休館】
  無休","【見学所要時間】
  約30分","【料金】
 ・境内無料
 ・神苑「楽水苑」拝観料
 一般 団体割引
 （20人以上）
 大人 600円 500円
 大学生 600円 500円
 高校生 600円 500円
 中学生 400円 300円
 小人 400円 300円
 ※ 障がい手帳提示の場合、300円",,,,,
京都,御香宮神社,,,,,,,,,,
京都,藤森神社,,,"【拝観・開館時間】
  9:00～17:00
 
 【休日・休館】
  無休","【見学所要時間】
  約30分","【料金】
  無料",,,,,
京都,東福寺,,,"【拝観・開館時間】
  9:00～16:00
 
 【休日・休館】
  境内は無休無料で拝観可
 秋の拝観期間中
 拝観時間： 8:30～16:30
 受付終了：16:00","【見学所要時間】
  約45分",,,,,,
京都,三十三間堂,,,"【拝観・開館時間】
  8:00～17:00
 
 【休日・休館】
  無休","【見学所要時間】
  約30分",,"【備考】
  入場開始：11/16～3月は9:00
 受付終了：閉門の30分前
 施設終了：11/16～3月は16:00",,,,
京都,壬生寺,,,"【拝観・開館時間】
  8:30～16:30
 
 【休日・休館】
  なし","【見学所要時間】
  約20分",【料金】,,,,,
京都,六波羅蜜寺,,,"【拝観・開館時間】
  8:30～17:00
 
 【休日・休館】
  無休","【見学所要時間】
  約30分","【料金】
  大人 600円
 学生 500円
 子供 400円
 ※ 30名様以上の団体拝観の場合は各50円引き","【備考】
  受付終了：16:30",,,,
京都,建仁寺,,,"【拝観・開館時間】
  10:00～16:00
 
 【休日・休館】
  12月28日～12月31日
 6月4日・6月5日
 その他法要で休止日有","【見学所要時間】
  約20分","【料金】
  大人 500円 
 大学生 500円 
 高校生 300円 
 中学生 300円 
 小学生 200円
 小人 無料 
 障害者手帳提示者無料
 
 【備考】
  受付終了：16:00
 3/1～10/31 10:00～17:00（16:30閉門）
 11/1～2/28 10:00～16:30（16:00閉門）","【備考】
  受付終了：16:00
 3/1～10/31 10:00～17:00（16:30閉門）
 11/1～2/28 10:00～16:30（16:00閉門）
 
 【予約方法】",,,,
京都,太秦広隆寺,,,"【拝観・開館時間】
  9:00～17:00
 
 【休日・休館】
  無休","【見学所要時間】
  約30分","【料金】
  ＜霊宝殿の参拝料＞
 大人・大学生800円／高校生500円／中学生・小人400円","【備考】
  拝観終了：12月～2月末は16:30",,,,
京都,法金剛院,,,"【拝観・開館時間】
  9:00～16:00
 
 【休日・休館】
  12月30日、31日","【見学所要時間】
  約30分","【料金】
   一般 団体割引 障害者 割引
 大人 500円 400円 300円
 大学生 500円 400円 300円
 小中高生300円 300円 
 30人以上団体割引 
 1人につき400円","【備考】
  受付終了：16:00",,,,
京都,妙心寺,,,"【拝観・開館時間】
  9:10～16:40
 
 【休日・休館】
  本山行事日は他所を案内（無休）","【見学所要時間】
  約30分","【料金】
  法堂・浴室の拝観
 【料金】
 （入山無料） 
 一般 団体割引（30人以上）
 高校生以上 500円 450円 
 中学生 300円 270円 
 小人 100円 100円
 ＊団体引率者無料＊障害者、付添共無料＊上記
 【料金】
 平成16年4月1日より","【備考】
  受付終了： 15:40（3～10月 16:40）
 9:10～15:40（3～10月 9:10～16:40）",,,,
京都,等持院,,,"【拝観・開館時間】
  9:00～17:00
 
 【休日・休館】
  無休
 12月30日～1月3日 15:00迄","【見学所要時間】
  約30分","【料金】
  大人 500円 
 大学生 500円 
 高校生 500円 
 小・中学生 300円
 ＊お抹茶 500円
 ＊番茶 300円","【備考】
  受付終了：16:30",,,,
京都,平野神社,,,"【拝観・開館時間】
  6:00～17:00
 
 【休日・休館】
  無休","【見学所要時間】
  約40分","【料金】
  無料","【備考】
  桜花時期のみ夜桜観賞のため夜間も解放している。(日没～20時～21時頃まで）",,,,
京都,北野天満宮,,,"【拝観・開館時間】
  5:00～18:00
 
 【休日・休館】
  無休",,,"【備考】
  参拝開始：10月～3月は5:30～17：300
 授与所・祈祷の受付時間は9:00～17:0",,,,
京都,晴明神社,,,"【拝観・開館時間】
  9:00～18:00
 
 【休日・休館】
  無休","【見学所要時間】
  約40分","【料金】
  無料",,,,,
京都,熊野神社,,,"【拝観・開館時間】
  9:00～17:00
 
 【休日・休館】","【見学所要時間】
  約20分","【料金】
  参拝無料",,,,,
京都,相国寺,,,"【拝観・開館時間】
  10:00～16:00
 
 【休日・休館】
  無休","【見学所要時間】
  約1時間30分","【料金】
  一般：800円
 65歳以上・中高生：700円
 15名様以上の団体：700円
 身障者手帳をお持ちの方と介添の方1名様まで無料（手帳の提示をお願いします）","【備考】
  春の特別拝観：3月24日～6月4日（法堂・方丈・浴室）
 秋の特別拝観：9月25日～12月15日（法堂・方丈・開山堂）",,,,
京都,法鏡寺,,,,,,,,,,
京都,大徳寺,,,,,"【料金】
 大仙院 400円
 竜源院 350円
 瑞峰院 300円
 高桐院 400円",,,,,
京都,今宮神社,,,"【拝観・開館時間】
  約15分
 
 【休日・休館】
  無休","【見学所要時間】
  約15分","【料金】
  無料","【備考】
  拝観時間：自由参拝
 社務所：9:00～17:00",,,,
京都,光悦時,,,,,,,,,,
京都,源光庵,,,"【拝観・開館時間】
  9:00～17:00
 
 【休日・休館】
  無休（法要行事のあるときは拝観中止の時間あり）","【見学所要時間】
  約20分","【料金】
  400円（紅葉時期は500円）","【備考】
  受付終了 16:30
 11月第一土曜日～12月第一日曜日まで
 駐車場のご利用は出来ません。",,,,
京都,常照寺,,,"【拝観・開館時間】
  8:30～17:00
 
 【休日・休館】
  無休","【見学所要時間】
  約30分","【料金】
  大人 ４００円
 小人 ２００円
 身障者 ２００円
 11/6（月）～12/5（火）は大人（中学生以上）500円",,,,,
京都,太田神社,,,"【拝観・開館時間】
  9:30～16:30
 
 【休日・休館】
  無休","【見学所要時間】
  約30分","【料金】
  カキツバタ育成協力金300円","【備考】
  拝観時間 9:30～16:30",,,,
京都,上賀茂神社,,,"【拝観・開館時間】
  10:00～16:00
 
 【休日・休館】
  無休","【見学所要時間】
  約30分","【料金】
  無料
 国宝・本殿権殿特別参拝は500円
 時間 10:00～16:00（土日祝10:00～16:30）","【備考】
  ＜交通情報＞
 市バス上賀茂・御薗橋より徒歩5分",,,,
京都,下賀茂神社,,,"【拝観・開館時間】
  6:30～17:00
 
 【休日・休館】
  無休","【見学所要時間】
  約30分","【料金】
  大人 500円 
 大学生 500円 
 高校生 500円 
 中学生 500円 
 小人 250円","【備考】
  拝観時間は季節によって変更あり",,,,
京都,実相院,,,"【拝観・開館時間】
  9:00～17:00
 
 【休日・休館】
  不定休","【見学所要時間】
  約30分","【料金】
  一般 団体割引
 （30人以上）
 大人 500円 450円 
 大学生 500円 450円
 高校生 500円 450円
 中学生 250円 250円
 小学生 250円 250円
 未就学児無料",,,,,
京都,鞍馬寺,,,"【拝観・開館時間】
  9:00～16:00
 
 【休日・休館】","【見学所要時間】
  約1時間30分","【料金】
  愛山費 300円（中学生以下無料）
 障害者手帳呈示で本人無料",,,,,
京都,貴船神社,,,"【拝観・開館時間】
  6:00～20:00
 
 【休日・休館】
  無休","【見学所要時間】
  約60分","【料金】
  無料","【備考】
  御守・御札・御朱印の授与は9時～16時30分
 12/1～4/30は拝観は18時まで（正月３が日、冬のライトアップ除く）
 5/1～11/30は拝観は20時まで（春・秋のライトアップ期間は延長あり）
 
 【備考】",,,,
京都,延暦寺,,,"【拝観・開館時間】
  8:30～16:30
 
 【休日・休館】
  無休","【見学所要時間】
  約60分","【料金】
  三塔共通諸堂巡拝料
 大人…700円（団体600円） / 学生…500円（団体400円） / 小学生…300円
 国宝殿拝観料
 大人…500円（団体400円） / 学生…300円（団体200円） / 小学生…100円
 （※団体の条件…20名以上、小学生は対象外）","【備考】
  
 【見学所要時間】
 ：約１時間～６時間",,,,
京都,三宅八幡,,,"【拝観・開館時間】
  10:00～15:00
 
 【休日・休館】
  無休",,"【料金】
  300円",,,,,
京都,赤山禅院,,,"【拝観・開館時間】
  9:00～16:30
 
 【休日・休館】
  無休","【見学所要時間】
  約15分",,"【備考】
  ※朱印 拝観時間内のみ",,,,
京都,修学院離宮,,,"【拝観・開館時間】
  約1時間20分
 
 【休日・休館】
  月曜日（祝日の場合は翌日）,年末年始（12/28～1/4）,行事等が行われる日","【見学所要時間】
  約1時間20分","【料金】
  無料","【備考】
  問合せ・申込先
 宮内庁京都事務所参観係
 電話075-211-1215
 http://sankan.kunaicho.go.jp/",,,,
京都,曼殊院,,,,"【見学所要時間】
  約30分",,"【備考】
  受付終了：16:30",,,,
京都,圓光寺,,,"【拝観・開館時間】
  9:00～17:00
 
 【休日・休館】
  無休","【見学所要時間】
  約15分","【料金】
  小学生 300円
 中・高生 400円
 大人 500円
 障害者
 【料金】
  400円","【備考】
  日曜早朝坐禅会（6:00～8:00）＠坐禅堂
 ※前日17時迄に必ず電話予約が必要です。
 外国語対応：窓口での対応のみ（英語のみ）",,,,
京都,詩仙堂,,,"【拝観・開館時間】
  9:00～17:00
 
 【休日・休館】
  5/23丈山忌
 一般拝観休止","【見学所要時間】
  約30分","【料金】
  大人 500円
 高校生 400円
 小・中学生 200円","【備考】
  ＊受付は16：45まで",,,,
京都,吉田神社,,,"【拝観・開館時間】
  約30分
 
 【休日・休館】
  無休","【見学所要時間】
  約30分","【料金】
  無料",,,,,
京都,真如堂,,,"【拝観・開館時間】
  9:00～16:00
 
 【休日・休館】
  行事に伴い不定期","【見学所要時間】
  約40分","【料金】
  大学生・大人 500円
 高校生 300円
 中学生 200円
 
 涅槃図公開時
 大学生・大人 600円
 高校生 400円
 中学生 300円","【備考】
  拝観受付15:45",,,,
京都,金戒光明寺,,,"【拝観・開館時間】
  9:00～16:00
 
 【休日・休館】","【見学所要時間】
  約60分","【料金】
  志納","【備考】
  秋に特別拝観（予定）あり
 有料",,,,
京都,平安神宮,,,"【拝観・開館時間】
  6:00～18:00
 
 【休日・休館】
  なし。10月22日午後のみ休み。","【見学所要時間】
  約15分","【料金】
  無料
 但し、神苑入苑へは有料","【備考】
  受付開始：参拝は6:00より 神苑拝観は8:30より
 拝観終了：3/1-14,10月 17:30 11-2月 17:00
 6:00～18:00（季節により異なる）",,,,
京都,永観堂,,,,,,,,,,
京都,青蓮院,,,,,,,,,,
京都,知恩院,,,"【拝観・開館時間】
  9:00～16:30
 
 【休日・休館】
  無休
 本山行事の為、変更・拝観停止の場合有り","【見学所要時間】
  約40分","【料金】
  友禅苑 大人300円、小人（小中学生）150円
 方丈庭園 大人400円、小人（小中学生）200円
 ※共通券（方丈庭園＋友禅苑） 大人450円、小人（小中学生）200円
 大人30人以上団体割引10%引き
 障害者手帳提示により本人無料","【備考】
  ※御影堂は平成大修理のため拝観いただけません。（2019年完成予定）
 ※拝観受付は16:00まで（方丈のみ15:50）
 共通券チケット販売9:00～15:21",,,,
京都,高台寺,,,"【拝観・開館時間】
  9:00～17:00
 
 【休日・休館】
  無休","【見学所要時間】
  約30分",,"【備考】
  クレジットカード対応：不可
 外国語対応：英語，中国語，その他外国語パンフレット有",,,,
京都,地主神社,,,"【拝観・開館時間】
  9:00～17:00
 
 【休日・休館】
  無休","【見学所要時間】
  約20分","【料金】
  無料（但し、別途清水寺の入山料が必要）","【備考】
  クレジットカード対応：なし",,,,
京都,泉涌寺,,,,,,,,,,
京都,大石神社,,,"【拝観・開館時間】
  9:00～16:00
 
 【休日・休館】
  なし",【見学所要時間】,"【料金】
  無料",,,,,
京都,勧修寺,,,"【拝観・開館時間】
  9:00～16:00
 
 【休日・休館】
  年中無休","【見学所要時間】
  約25分","【料金】
   一般 団体割引
 大人 400円 320円
 大学生 400円 320円
 高校生 400円 320円
 中学生 200円 160円
 小人 200円 160円",,,,,
京都,隨心院,,,,,,,,,,
京都,醍醐寺,,,"【拝観・開館時間】
  9:00～17:00
 
 【休日・休館】
  無休","【見学所要時間】
  約1時間30分","【料金】
  三宝院，伽藍，霊宝館，下醍醐の有料エリアをすべて拝観できる共通拝観券
 一般 団体割引
 大人 800円 700円
 中・高生 600円 500円
 小学生以下 無料 無料
 20人以上団体割引
 
 【春期3/20～5/15・秋期10/15～12/10】は
 一般 団体割引
 大人 1500円 1300円
 中・高生 1000円 800円
 小学生以下 無料 無料",,,,,
京都,毘沙門堂,,,"【拝観・開館時間】
  8:30～17:00
 
 【休日・休館】
  無休","【見学所要時間】
  約30分","【料金】
   一般 団体割引
 大人 500円 450円 
 高校生 400円 360円 
 中学生 300円 270円 
 小学生 300円 270円
 小学生以下無料
 15人以上団体割引",,,,,
京都,南禅寺,,,"【拝観・開館時間】
  8:40～17:00
 
 【休日・休館】
  12月28日～12月31日","【見学所要時間】
  約20分",,"【備考】
  3月～11月8：40～17：00
 12月～2月8：40～16：30",,,,
京都,萬福寺,,,,,"【料金】
 
  個人 団体 (30名以上)
 大人 500円 450円
 大学生・高校生 500円 300円
 中学生 300円 250円
 小学生 300円 200円",,,,,
京都,三室戸寺,,,"【拝観・開館時間】
  8:30～15:30
 
 【休日・休館】
  12月29,30,31日","【見学所要時間】
  約30分","【料金】
  大人500円 小人300円
 
 アジサイ庭園開園期間
 大人800円 小人400円",,,,,
京都,栂尾高山寺,,,,,,,,,,
京都,神護寺,,,,,,,,,,
京都,広隆寺,,,,,,,,,,
京都,石山寺,,,,,,,,,,
京都,三井寺,,,,,,,,,,
京都,堅田浮御堂,,,,,,,,,,
京都,大原三千院,,,,,,,,,,
京都,日吉大社,,,,,,,,,,
京都,日野法界寺,,,,,,,,,,
京都,日野誕生院,,,,,,,,,,
京都,万福寺,,,,,,,,,,
京都,智積院,,,,,,,,,,
京都,六角堂,,,,,,,,,,
京都,えびす神社,,,,,,,,,,
京都,印空寺,,,,,,,,,,
京都,専修寺京都別院,,,,,,,,,,
京都,大仙寺,,,,,,,,,,
京都,了徳寺,,,,,,,,,,
京都,福王子神社,,,,,,,,,,
京都,御室八十八カ所霊場,,,,,,,,,,
京都,暲子内親王墓,,,,,,,,,,
京都,源光寺,,,,,,,,,,
京都,広隆寺,,,,,,,,,,
京都,桂宮院,,,,,,,,,,
京都,太子堂,,,,,,,,,,
京都,三吉稲荷,,,,,,,,,,
京都,雲晴寺,,,,,,,,,,
京都,蛇塚古墳,,,,,,,,,,
京都,本瑞寺,,,,,,,,,,
京都,猿田彦神社,,,,,,,,,,
京都,水子供養寺,,,,,,,,,,
京都,念仏時,,,,,,,,,,
京都,角坊別院,,,,,,,,,,
京都,法金剛院,,,"【拝観・開館時間】
  9:00～16:00
 
 【休日・休館】
  12月30日、31日","【見学所要時間】
  約30分","【料金】
   一般 団体割引 障害者 割引
 大人 500円 400円 300円
 大学生 500円 400円 300円
 小中高生300円 300円 
 30人以上団体割引 
 1人につき400円","【備考】
  受付終了：16:00",,,,
京都,退蔵院,,,,,,,,,,
京都,竜泉庵,,,,,,,,,,
京都,養源院,,,,,,,,,,
京都,玉鳳院,,,,,,,,,,
京都,大心院,,,,,,,,,,
京都,東林院,,,,,,,,,,
京都,大通院,,,,,,,,,,
京都,春光院,,,"【拝観・開館時間】
 
 
 【休日・休館】
  不定休",【見学所要時間】,"【料金】
  宿泊料（素泊）
 4,500円～6,000円（一人・一泊）",,,,,
京都,麟祥院,,,,,,,,,,
京都,大雄院,,,,,,,,,,
京都,桂春院,,,,,,,,,,
京都,麟華院,,,,,,,,,,
京都,天球院,,,,,,,,,,
京都,妙心寺,,,"【拝観・開館時間】
  9:10～16:40
 
 【休日・休館】
  本山行事日は他所を案内（無休）","【見学所要時間】
  約30分","【料金】
  法堂・浴室の拝観
 【料金】
 （入山無料） 
 一般 団体割引（30人以上）
 高校生以上 500円 450円 
 中学生 300円 270円 
 小人 100円 100円
 ＊団体引率者無料＊障害者、付添共無料＊上記
 【料金】
 平成16年4月1日より","【備考】
  受付終了： 15:40（3～10月 16:40）
 9:10～15:40（3～10月 9:10～16:40）",,,,
京都,長泉寺,,,,,,,,,,
京都,兼好法師旧跡,,,,,,,,,,
京都,蓮華寺,,,,,,,,,,
京都,仁和寺,,,"【拝観・開館時間】
  9:00～17:00
 
 【休日・休館】
  無休","【見学所要時間】
  約40分","【料金】
  御殿
 大人・高校生 500円（450円）
 小中学生 300円（250円）
 （ ）内の
 【料金】
 は30名以上の団体
 【料金】
 
 ※障害者手帳をお持ちの方は、手帳提示にて本人のみ拝観料免除","【備考】
  受付終了：16:30
 12～2月の【拝観・開館時間】
 は16:30（受付は16:00まで）",,,,
京都,等持院,,,"【拝観・開館時間】
  9:00～17:00
 
 【休日・休館】
  無休
 12月30日～1月3日 15:00迄","【見学所要時間】
  約30分","【料金】
  大人 500円 
 大学生 500円 
 高校生 500円 
 小・中学生 300円
 ＊お抹茶 500円
 ＊番茶 300円","【備考】
  受付終了：16:30",,,,
京都,不思議不動院,,,,,,,,,,
京都,わら天神,,,,,,,,,,
京都,大将軍八神社,,,,,,,,,,
京都,椿寺,,,,,,,,,,
京都,東向観音寺,,,,,,,,,,
京都,たるま寺,,,,,,,,,,
京都,法輪寺,,,"【拝観・開館時間】
  9:00～17:00
 
 【休日・休館】
  無休","【見学所要時間】
  約5分","【料金】
  自由参拝",,,,,
京都,成願寺,,,,,,,,,,
京都,願王寺,,,,,,,,,,
京都,西院春日神社,,,,,,,,,,
京都,高山寺,,,,,,,,,,
京都,羅城門跡,,,,,,,,,,
京都,西寺跡,,,,,,,,,,
京都,六孫王神社,,,,,,,,,,
京都,松尾大社,,,"【拝観・開館時間】
  5:00～18:00
 
 【休日・休館】
  無休","【見学所要時間】
  約30分",,"【備考】
  受付終了：16:00
 閉門 18：00",,,,
京都,島原大門,,,,,,,,,,
京都,旧前川邸,,,,,,,,,,
京都,六角獄舎跡,,,,,,,,,,
京都,武信稲荷神社,,,,,,,,,,
京都,朱雀門跡,,,,,,,,,,
京都,大極殿跡,,,,,,,,,,
京都,ひょうたん寺,,,,,,,,,,
京都,光清寺,,,,,,,,,,
京都,観音時,,,,,,,,,,
京都,出水の毘沙門天,,,,,,,,,,
京都,松林寺,,,,,,,,,,
京都,立本寺,,,,,,,,,,
京都,聚楽第跡,,,,,,,,,,
京都,知恵光院,,,,,,,,,,
京都,浄福寺,,,,,,,,,,
京都,宥清寺,,,,,,,,,,
京都,湯たく山 茶くれん寺,,,,,,,,,,
京都,上善寺,,,,,,,,,,
京都,首途八幡宮,,,,,,,,,,
京都,本隆寺,,,,,,,,,,
京都,釘抜地蔵,,,,,,,,,,
京都,千本釈迦堂,,,,,,,,,,
京都,雨宝院,,,,,,,,,,
京都,千本ゑんま堂,,,,,,,,,,
京都,引接寺,,,,,,,,,,
京都,建勲神社,,,,,,,,,,
京都,上品蓮台寺,,,,,,,,,,
京都,雲林院,,,,,,,,,,
京都,孤篷庵,,,,,,,,,,
京都,総見院,,,,,,,,,,
京都,高桐院,,,,,,,,,,
京都,龍光院,,,,,,,,,,
京都,瑞峯院,,,,,,,,,,
京都,聚光院,,,,,,,,,,
京都,大徳寺,,,,,"【料金】
 大仙院 400円
 竜源院 350円
 瑞峰院 300円
 高桐院 400円",,,,,
京都,興臨院,,,,,,,,,,
京都,龍源院,,,,,,,,,,
京都,黄梅院,,,,,,,,,,
京都,大仙院,,,,,,,,,,
京都,真珠庵,,,,,,,,,,
京都,妙覚寺,,,,,,,,,,
京都,華芳堂,,,,,,,,,,
京都,水火天満宮,,,,,,,,,,
京都,本法寺,,,,,,,,,,
京都,妙蓮寺,,,,,,,,,,
京都,妙顕寺,,,,,,,,,,
京都,宝鏡寺,,,,,,,,,,
京都,報恩寺,,,,,,,,,,
京都,山名宗全邸宅跡,,,,,,,,,,
京都,白峯神宮,,,,,,,,,,
京都,三時知恩寺,,,,,,,,,,
京都,大聖寺,,,,,,,,,,
京都,室町幕府跡碑,,,,,,,,,,
京都,護王神社,,,,,,,,,,
京都,伊藤仁斎宅跡,,,,,,,,,,
京都,菅大臣神社,,,,,,,,,,
京都,五條天神宮,,,,,,,,,,
京都,左女牛井跡碑,,,,,,,,,,
京都,飛雲閣,,,,,,,,,,
京都,興正寺,,,,,,,,,,
京都,万寿禅寺,,,,,,,,,,
京都,龍尾神社,,,,,,,,,,
京都,渉成園,,,,,,,,,,
京都,市比賣神社,,,,,,,,,,
京都,世継地蔵,,,,,,,,,,
京都,牛若丸と弁慶像,,,,,,,,,,
京都,文子天満宮,,,,,,,,,,
京都,印幡堂,,,,,,,,,,
京都,沸光寺,,,,,,,,,,
京都,錦天満宮,,,"【拝観・開館時間】
  8:00～20:00
 
 【休日・休館】
  なし","【見学所要時間】
  約10分","【料金】
  無料",,,,,
京都,本能寺,,,"【拝観・開館時間】
 
 午前6:00〜午後5:00
 ＜大寶殿宝物館＞
 開館時間
 午前9:00〜午後5:00（入館は午後4:30まで）
 
 【休日・休館】
 
 年末年始・展示替え日",【見学所要時間】,"【料金】
 
 無料 ※ご自由にご参拝下さい。
 ※大賓殿特別展開催期間中は
 【料金】
 が異なります。
 一般 500円
 中・高校生 300円
 小学生 250円
 修学旅行生 200円
 身障者 200円
 ※30名以上は団体割引あり",,,,,
京都,矢田寺,,,,,,,,,,
京都,誓願寺,,,,,,,,,,
京都,六角堂,,,,,,,,,,
京都,誠心院,,,,,,,,,,
京都,蛸薬師堂,,,,,,,,,,
京都,革堂,,,,,,,,,,
京都,行願時,,,,,,,,,,
京都,下御霊神社,,,,,,,,,,
京都,京都御所,,,,,,,,,,
京都,廬山時,,,,,,,,,,
京都,清浄華院,,,,,,,,,,
京都,梨木神社,,,,,,,,,,
京都,大宮御所,,,,,,,,,,
京都,仙洞御所,,,,,,,,,,
京都,京都迎賓館,,,,,,,,,,
京都,幸神社,,,,,,,,,,
京都,林光院,,,,,,,,,,
京都,宗旦稲荷神社,,,,,,,,,,
京都,瑞春院,,,,,,,,,,
京都,相国寺,,,"【拝観・開館時間】
  10:00～16:00
 
 【休日・休館】","【見学所要時間】
  約1時間30分","【料金】
  一般：800円
 65歳以上・中高生：700円
 15名様以上の団体：700円
 身障者手帳をお持ちの方と介添の方1名様まで無料（手帳の提示をお願いします）","【備考】
  春の特別拝観：3月24日～6月4日（法堂・方丈・浴室）
 秋の特別拝観：9月25日～12月15日（法堂・方丈・開山堂）",,,,
京都,阿弥陀寺,,,"【拝観・開館時間】
  9:00～16:00
 
 【休日・休館】
  1月、2月は休み（正月三ヶ日は天候により開くことがある）","【見学所要時間】
  約20分",,,,,,
京都,慈照院,,,,,,,,,,
京都,天寧寺,,,,,,,,,,
京都,上善寺,,,,,,,,,,
京都,無礙光院,,,,,,,,,,
京都,河合神社,,,"【拝観・開館時間】
  6:30～17:00
 
 【休日・休館】
  無休",,"【料金】
 「鏡絵馬」800円",,,,,
京都,清風荘庭園,,,,,,,,,,
京都,常林寺,,,,,,,,,,
京都,聖護院,,,,,,,,,,
京都,須賀神社,,,,,,,,,,
京都,熊野神社,,,"【拝観・開館時間】
  9:00～17:00
 
 【休日・休館】
  無休","【見学所要時間】
  約20分","【料金】
  参拝無料",,,,,
京都,平安神宮,,,"【拝観・開館時間】
  6:00～18:00
 
 【休日・休館】
  なし。10月22日午後のみ休み。","【見学所要時間】
  約15分","【料金】
  無料
 但し、神苑入苑へは有料","【備考】
  受付開始：参拝は6:00より 神苑拝観は8:30より
 拝観終了：3/1-14,10月 17:30 11-2月 17:00
 6:00～18:00（季節により異なる）",,,,
京都,頂妙寺,,,,,,,,,,
京都,本因坊,,,,,,,,,,
京都,寂光寺,,,,,,,,,,
京都,要法寺,,,,,,,,,,
京都,得浄明院,,,,,,,,,,
京都,辰巳大明神,,,,,,,,,,
京都,八坂神社,,,,,"【料金】
  無料",,,,,
京都,目疾地蔵,,,,,,,,,,
京都,仲源寺,,,,,,,,,,
京都,祇園閣,,,,,,,,,,
京都,大雲院,,,,,,,,,,
京都,正伝永源院,,,,,,,,,,
京都,高台寺,,,"【拝観・開館時間】
  9:00～17:00
 
 【休日・休館】
  無休","【見学所要時間】
  約30分",,"【備考】
  クレジットカード対応：不可
 外国語対応：英語，中国語，その他外国語パンフレット有",,,,
京都,霊山観音,,,,,,,,,,
京都,圓徳院,,,,,,,,,,
京都,安井金比羅宮,,,"【拝観・開館時間】
終日
 
 【休日・休館】
  無休","【見学所要時間】
  約30分","【料金】
  なし","【備考】
  ※終日拝観可能、但し授与所は9:00～17:30",,,,
京都,建仁寺,,,"【拝観・開館時間】
  10:00～16:00
 
 【休日・休館】
  12月28日～12月31日
 6月4日・6月5日
 その他法要で休止日有","【見学所要時間】
  約20分","【料金】
  大人 500円 
 大学生 500円 
 高校生 300円 
 中学生 300円 
 小学生 200円
 小人 無料 
 障害者手帳提示者無料
 
 【備考】
  受付終了：16:00
 3/1～10/31 10:00～17:00（16:30閉門）
 11/1～2/28 10:00～16:30（16:00閉門）","【備考】
  受付終了：16:00
 3/1～10/31 10:00～17:00（16:30閉門）
 11/1～2/28 10:00～16:30（16:00閉門）
 
 【予約方法】",,,,
京都,六道珍皇寺,,,,,,,,,,
京都,八坂の塔,,,,,,,,,,
京都,法観寺,,,,,,,,,,
京都,方広寺,,,,,,,,,,
京都,豊国神社,,,"【拝観・開館時間】
  9:00～16:30
 
 【休日・休館】
  無休","【見学所要時間】
  約30分","【料金】
  宝物館 一般 団体割引
 (30人以上）
 大人 300円 240円 
 大学生 200円 160円
 高校生 200円 160円
 中学生 100円 80円
 小学生 100円 80円","【備考】
  100名以上の団体の場合、一度に入館できない場合がある。",,,,
京都,妙法院,,,,,,,,,,
京都,智積院,,,,,,,,,,
京都,新日吉神社,,,,,,,,,,
京都,豊国廟跡,,,,,,,,,,
京都,養源院,,,,,,,,,,
京都,法住寺,,,,,,,,,,
京都,新熊野神社,,,,,,,,,,
京都,剣神社,,,,,,,,,,
京都,延仁寺,,,,,,,,,,
京都,即成院,,,,,,,,,,
京都,戒光寺,,,,,,,,,,
京都,今熊野観音寺,,,,,,,,,,
京都,楊貴妃観音堂,,,,,,,,,,
京都,泉涌寺,,,,,,,,,,
京都,東福寺,,,"【拝観・開館時間】
  9:00～16:00
 
 【休日・休館】
  境内は無休無料で拝観可
 秋の拝観期間中
 拝観時間： 8:30～16:30
 受付終了：16:00","【見学所要時間】
  約45分",,,,,,
京都,同聚院,,,,,,,,,,
京都,退耕庵,,,,,,,,,,
京都,豊臣秀吉墓,,,,,,,,,,
京都,清閑寺,,,,,,,,,,
京都,青蓮院大日堂,,,,,,,,,,
京都,青蓮院,,,,,,,,,,
京都,粟田神社,,,"【拝観・開館時間】
  8:30～17:00
 
 【休日・休館】
  無休","【見学所要時間】
  約15分","【料金】
  無料",,,,,
京都,南禅寺,,,"【拝観・開館時間】
  8:40～17:00
 
 【休日・休館】
  12月28日～12月31日","【見学所要時間】
  約20分",,"【備考】
  3月～11月8：40～17：00
 12月～2月8：40～16：30",,,,
京都,天授庵,,,"【拝観・開館時間】
  8:40～17:00
 
 【休日・休館】
  12月28日～12月31日","【見学所要時間】
  約20分",,"【備考】
  3月～11月8：40～17：00
 12月～2月8：40～16：30",,,,
京都,金地院,,,,,,,,,,
京都,水路閣,,,,,,,,,,
京都,聴松院,,,,,,,,,,
京都,永観堂,,,,,,,,,,
京都,無鄰菴,,,,,,,,,,
京都,白川院跡,,,,,,,,,,
京都,法勝寺跡,,,,,,,,,,
京都,岡崎神社,,,,,,,,,,
京都,文殊塔,,,,,,,,,,
京都,西翁院,,,,,,,,,,
京都,金戒光明寺,,,"【拝観・開館時間】
  9:00～16:00
 
 【休日・休館】
  無休","【見学所要時間】
  約60分","【料金】
  志納","【備考】
  秋に特別拝観（予定）あり
 有料",,,,
京都,真如堂,,,"【拝観・開館時間】
  9:00～16:00
 
 【休日・休館】
  行事に伴い不定期","【見学所要時間】
  約40分","【料金】
  大学生・大人 500円
 高校生 300円
 中学生 200円
 
 涅槃図公開時
 大学生・大人 600円
 高校生 400円
 中学生 300円","【備考】
  拝観受付15:45",,,,
京都,迎称寺,,,,,,,,,,
京都,後一条天皇陵,,,,,,,,,,
京都,宗忠神社,,,,,,,,,,
京都,東北院,,,,,,,,,,
京都,吉田神社,,,"【拝観・開館時間】
終日
 
 【休日・休館】
  無休","【見学所要時間】
  約30分","【料金】
  無料",,,,,
京都,詩仙堂,,,"【拝観・開館時間】
  9:00～17:00
 
 【休日・休館】
  5/23丈山忌
 一般拝観休止","【見学所要時間】
  約30分","【料金】
  大人 500円
 高校生 400円
 小・中学生 200円","【備考】
  ＊受付は16：45まで",,,,
京都,八大神社,,,,,,,,,,
京都,一乗寺,,,,,,,,,,
京都,狸谷山不動院,,,,,,,,,,
京都,金福寺,,,,,,,,,,
京都,本願寺北山別院,,,,,,,,,,
京都,石川丈山墓,,,,,,,,,,
京都,北白川天神宮,,,,,,,,,,
京都,八神社,,,,,,,,,,
京都,法然院,,,,,,,,,,
京都,安楽寺,,,,,,,,,,
京都,霊鑑寺,,,,,,,,,,
京都,大豊神社,,,,,,,,,,
京都,若王子神社,,,,,,,,,,
京都,永観堂,,,,,,,,,,
京都,禅林寺,,,,,,,,,,
京都,日向大神宮,,,,,,,,,,
京都,本圀寺,,,,,,,,,,
京都,天智天皇陵,,,,,,,,,,
京都,大乗寺,,,,,,,,,,
京都,元慶寺,,,,,,,,,,
京都,阿弥陀寺,,,,,,,,,,
京都,僧正遍昭墓,,,,,,,,,,
京都,京都タワー,,,,,,,,,,
京都,祇園,,,,,,,,,,
京都,保津川下り,,,,,,,,,,
京都,嵐山,,,,,,,,,,
京都,竹林,,,,,,,,,,
京都,東映太秦映画村,,,,,,,,,,
京都,京都御所,,,"【拝観・開館時間】
  ９月及び３月 ９：００～１６：３０(入場は１５：５０まで)
 １０月～２月 ９：００～１６：００(入場は１５：２０まで)
 ４月～８月 ９：００～１７：００(入場は１６：２０まで)
 
 【休日・休館】
  月曜日（祝日の場合は翌日）,
 年末年始（12/28～1/4）,行事等が行われる日","【見学所要時間】
  約60分","【料金】
  無料",,,,,
京都,京都御苑,,,,,,,,,,
京都,哲学の道,,,,,,,,,,
京都,円山公園,,,,,"【料金】
  無料",,,,,
京都,京都国立博物館,,,"【拝観・開館時間】
  9:30～17:00
 
 【休日・休館】
  毎週月曜（祝日の場合、翌火曜日が休）、
 臨時休館有り","【見学所要時間】
  約60分","【料金】
  一般520円，大学生260円，
 高校生以下・満18歳未満・満70歳以上無料（要証明）
 ※特別展は別
 【料金】
 
 
 【備考】
  開館時間、
 【休日・休館】
 はウェブサイトでご確認ください。
 クレジットカード対応：可※対応できるクレジットカードについては当館ウェブサイトをご参照ください
 外国語対応：展示室にて音声ガイド（日・英・中・韓）をご利用いただけます（入館者のみ、有料）","【備考】
  開館時間、休館日はウェブサイトでご確認ください。
 クレジットカード対応：可※対応できるクレジットカードについては当館ウェブサイトをご参照ください
 外国語対応：展示室にて音声ガイド（日・英・中・韓）をご利用いただけます（入館者のみ、有料）",,,,
京都,国立京都国際会館,,,,,,,,,,
京都,伏見桃山城,,,,,,,,,,
京都,京都府総合見本市会館,,,,,,,,,,
京都,伏見酒倉,,,,,,,,,,
京都,びわ湖,,,,,,,,,,
京都,びわ湖大橋,,,,,"【料金】
  軽自動車等 - 100円
 普通車 - 150円
 大型車 (1) - 200円
 大型車 (2) - 500円
 軽車両等 - 10円（歩行者・自転車は無料）",,,,,
京都,清水焼団地,,,,,,,,,,
京都,南座,,,,,,,,,,
京都,弁慶足型池,,,,,,,,,,
京都,広沢池,,,,,,,,,,
京都,オムロン創業記念館,,,,,,,,,,
京都,陽明文庫,,," 【休日・休館】
  開館日：3月中旬及び9月からそれぞれ3ヶ月間",,"【料金】
  1,500円
 ※20名以上のグループのみ見学可",,,,,
京都,東映京都撮影所,,,"【拝観・開館時間】
9:00～17:00（3～7、9月の平日と10、11月毎日）
9:00～18:00（3～7、9月の土日祝と8月毎日）
9:30～16:30（12～2月の平日）
9:30～17:00（12～2月の土日祝）
【休日・休館】
 ゴールデンウィーク、夏休み、冬休み
 毎年1月中旬（要問い合わせ）","【見学所要時間】
  約3時間","【料金】
 
 通常 団体割引 障害者
  割引
 大人 2200円 1980円 1100円
 大学生 2200円 1980円 1100円
 高校生 1300円 1170円 650円
 中学生 1300円 1170円 650円
 子供 1100円 990円 550円
 3歳未満無料(子供＝3歳～小学生)
 
 クレジットカード対応：VISA,Master,JCB,ダイナースクラブ，アメリカンエキスプレス",,,,,
京都,松竹京都映画撮影所,,,,,,,,,,
京都,三菱自動車京都工場,,,,,,,,,,
京都,日新電機,,,,,,,,,,
京都,八ッ橋庵とししゅう館,,,"【拝観・開館時間】
  9:00～17:00 
 
 【休日・休館】
  12月26日～12月31日","【見学所要時間】
  約50分",,,,,,
京都,わかさスタジアム京都,,,,,,,,,,
京都,京都アクアリーナ,,,,,,,,,,
京都,西京極総合運動公園,,,,,,,,,,
京都,京都光華女子大学,,,,,,,,,,
京都,京都光華女子大学短期大学部,,,,,,,,,,
京都,京都外国語大学,,,,,,,,,,
京都,京都外国語短期大学,,,,,,,,,,
京都,京都学院大学,,,,,,,,,,
京都,右京区役所,,,,,,,,,,
京都,島津製作所,,,,,,,,,,
京都,右京ふれあい文化会館,,,"【拝観・開館時間】
 開館時間は午前９時から午後９時３０分までです。
 
 【休日・休館】
 毎週火曜日（休日の場合はその後最初に到来する休日でない日）および１２月２８日から１月４日までです。",,,,,,,
京都,立命館大学,,,,,,,,,,
京都,左大文字,,,,,,,,,,
京都,国際平和ミュージアム,,,,,"【料金】
 大人 400円 
 中学・高校生 300円 
 小学生 200円",,,,,
京都,上京警察署,,,,,,,,,,
京都,高津古文化会館,,,"【拝観・開館時間】
  9時～17時、土曜日：9時～12時
  （春秋の展示会期間中のみ開館、特別企画展示期間以外は要問合せ） 
 
 【休日・休館】
  月曜日、12月28日～1月5日",,"【料金】
 一般800円 高・大学生500円 小・中学生無料
 （展覧会によって変動あり）",,,,,
京都,島津アリーナ京都,,,,,,,,,,
京都,花園大学,,,,,,,,,,
京都,島津製作所,,,,,,,,,,
京都,京都看護大学,,,,,,,,,,
京都,京都市立病院,,,,,,,,,,
京都,御前松原交番,,,,,,,,,,
京都,京都鉄道博物館,,,"【拝観・開館時間】
  10:00～17:30＊入館は17:00まで 
 
 
 【休日・休館】
 毎週水曜日（祝日は開館）・年末年始",,"【料金】
  一般1,200円 大学生・高校生1,000円
 中学生・小学生500円 幼児（3歳以上）200円",,,,,
京都,梅小路公園,,,,,,,,,,
京都,京都水族館,,,"【拝観・開館時間】
 10時～18時
 
 【休日・休館】
 なし（年中無休）※施設点検、気象状況などで臨時休業をする場合があります。",【見学所要時間】,"【料金】
 大人：2,050円 
 大学・高校生：1,550円
 中・小学生：1,000円
 幼児（3歳以上）：600円",,,,,
京都,朱雀の庭,,,,,"【料金】
 200円（小学生以上）※いのちの森へもそのまま入園できます。",,,,,
京都,京・朱雀すし市場,,,"【拝観・開館時間】
 10:30～22:00 
 
 
 【休日・休館】
 12/31、1/1の2日間のみ",,"【料金】
 メニューは本体価格表示となります。",,,,,
京都,中央卸売市場,,,"【拝観・開館時間】
  水産せり … 午前5時20分
 青果1次せり … 午前6時
 青果2次せり … 午前9時30分
 
 
 【休日・休館】
  市場カレンダーによる",,,,,,,
京都,京の食文化ミュージアムあじわい館,,,,,,,,,,
京都,京都リサーチパーク,,,,,,,,,,
京都,角屋もてなしの文化美術館,,,,,,,,,,
京都,新撰組壬生屯所跡,,,,,,,,,,
京都,京都調理師専門学校,,,,,,,,,,
京都,中京警察署,,,,,,,,,,
京都,佛教大学,,,,,,,,,,
京都,京都市急病診療所,,,,,,,,,,
京都,船岡山公園,,,,,,,,,,
京都,大谷大学,,,,,,,,,,
京都,大谷大学博物館,,,"【拝観・開館時間】
 10:00～17:00 
 
 
 【休日・休館】
  日曜日、月曜日、本館の定める
",,"【料金】
  企画展 無料
 特別展 有料（一般・大学生のみ）","【備考】
 
 入館は閉館の30分前まで。
 開館日は4月～2月／年間約150日（ホームページの開館カレンダーにてご確認ください）",,,,
京都,大谷大学短期大学部,,,,,,,,,,
京都,北区役所,,,,,,,,,,
京都,茶道研修会館,,,,,,,,,,
京都,裏千家今日庵,,,,,,,,,,
京都,表千家不審菴,,,,,,,,,,
京都,河村能舞台,,,,,,,,,,
京都,京菓子資料館,,,"【拝観・開館時間】
  10:00～17:00 
 
 
 【休日・休館】
  毎週水曜日、年末年始
 展示替えの為、臨時休館の場合あり。","【見学所要時間】
  約20分","【料金】
  無料
 茶席は有料",,,,,
京都,同支社大学,,,,,,,,,,
京都,同支社,,,,,,,,,,
京都,京都市考古資料館,,,"【拝観・開館時間】
  9:00～17:00 
 
 
 【休日・休館】
  毎週月曜日（祝日の場合は翌日）、年末年始（12月28日～1月3日）","【見学所要時間】
  約30分","【料金】
  無料",,,,,
京都,上京区総合庁舎,,,,,,,,,,
京都,西陣織会館,,,"【拝観・開館時間】
 AM10:00 ～ PM5:00 (11/1 ～ 2/28)
 AM10:00 ～ PM6:00 (3/1 ～ 10/31)
 
 
 
 
 【休日・休館】
  12月29日～1月3日","【見学所要時間】
  約40分","【料金】
 無料",,,,,
京都,武者小路千家官休庵,,,,,,,,,,
京都,樂美術館,,,"【拝観・開館時間】
  10:00～16:30 
 入館は16:00まで 
 
 
 【休日・休館】
  毎週月曜（祝日の場合は開館）、年末年始、展示替期間",,"【料金】
  展覧会により異なります。",,,,,
京都,金剛能楽堂,,,"【拝観・開館時間】
  9:00～17:00
  
 
 【休日・休館】
  毎週月曜日（催しの開催に合わせて変更あり） 年末年始",,"【料金】
  催しごとに料金が違いますのでお問合せ下さい。",,,,,
京都,府民ホールアルティ,,,"【拝観・開館時間】
  •午前9時～午後9時30分
 •受付時間は午前9時～午後6時です
 
 
 【休日・休館】
  第1、3月曜（祝日の場合は翌日），12月28日～1月4日",,"【料金】
  催物により異なる",,,,,
京都,有斐斎弘道館,,,"【拝観・開館時間】
  10:00～17:00
 
 
 【休日・休館】
   水曜日
  臨時休館日あり",,"【料金】
  見学料￥1,000／抹茶、菓子付・要事前予約
 ※イベント料金は都度異なる。",,,,,
京都,KBS京都,,,,,,,,,,
京都,安達くみひも館,,,"【拝観・開館時間】
  AM9:00～PM4:00（※要予約） 
 
 
 【休日・休館】
  不定休・年末年始",,,,,,,
京都,平安女学院大学,,,,,,,,,,
京都,京都国際マンガミュージアム,,,"【拝観・開館時間】
   10:00～18:00（最終入館時刻： 17:30） 
 
 
 【休日・休館】
  毎週水曜日（休祝日の場合は翌日）、年末年始、メンテナンス期間
 ※予告なく変更する場合がございますので、予めお問合せください。",,"【料金】
  大人：800円
 中高生： 300円
 小学生： 100円",,,,,
京都,京都市立芸術大学ギャラリー＠KCUA,,,"【拝観・開館時間】
   11:00 – 19:00
 
 【休日・休館】
 月曜休館（祝日・振替休日の場合は開館、翌火曜日に休館）",,,,,,,
京都,京都絞り工芸館,,,"【拝観・開館時間】
 9:00 - 17:00 
 
 【休日・休館】
 不定休、お盆休、年末年始",,"【料金】
 500円
 体験料：3000円税別～",,,,,
京都,中京区総合庁舎,,,,,,,,,,
京都,大西清右衛門美術館,,,"【拝観・開館時間】
   午前10時～午後４時30分
  （入館は午後４時まで）
 
 
 【休日・休館】
 毎週月曜日（祝日にあたる日は翌日）/ 展示替期間 /年末年始",,"【料金】
 催しによる",,,,,
京都,くろちく百千足館,,,,,,,,,,
京都,京都学園大学京町家キャンバス,,,,,,,,,,
京都,池坊短大,,,,,,,,,,
京都,杉本家住宅,,,,,"【料金】
 
 展覧会によって異なる",,,,,
京都,下京警察署,,,,,,,,,,
京都,風俗博物館,,,"【拝観・開館時間】
 午前10：00～午後5：00迄
 
 
 【休日・休館】
   日曜日/祝日/お盆(8月13日～17日)/展示替期間(6月1日～7月31日、12月1日～2月3日).",,"【料金】
  一般：500円
 中学生/高校生/大学生：300円
 小学生：200円",,,,,
京都,龍谷ミュージアム,,,"【拝観・開館時間】
 午前10時～午後5時
 ※入館受付は午後4時30分まで
 
 
 【休日・休館】
 毎週月曜日
 ※祝日は開館（翌日は閉館）
 その他ミュージアムの定める日",,"【料金】
 
 一 般 … 500（400）円
 シニア … 400（300）円
 大学生 … 400（300）円
 高校生 … 300（200）円
 中学生以下無料",,,,,
京都,龍谷大学,,,,,,,,,,
京都,下京区総合庁舎,,,"【拝観・開館時間】
  午前8時30分～午後5時
 
 
 【休日・休館】
  土曜日、日曜日、祝日、年末年始",,,,,,,
京都,東寺洛南会館,,,,,,,,,,
京都,ひと・まち交流館,,,"【拝観・開館時間】
  平日：9:00～21:30
 日・祝日：9:00～17:00（ただし、１階の共用コーナー・会議室は9:00～21:30 )
 
 
 【休日・休館】
 毎月第3火曜日（国民の祝日のときは翌日）及び年末年始(12/29～1/4)",,"【料金】
  無料",,,,,
京都,京都市学校歴史博物館,,,,,,,,,,
京都,宮川町歌舞練場,,,,,"【料金】
  京おどり、みずゑ會/有料",,,,,
京都,ウィングス京都,,,"【拝観・開館時間】
  月～土 9:00～21:00 日曜日・祝日 9:00〜17:00
 
 
 【休日・休館】
  毎週水曜日、１２月２９日～１月３日",,,,,,,
京都,京都文化博物館,,,,,,,,,,
京都,先斗町歌舞練場,,,,,"【料金】
  催しによる",,,,,
京都,池田屋跡,,,,,,,,,,
京都,一之船入跡,,,,,,,,,,
京都,大江能楽堂,,,,,"【料金】 
 催しによる",,,,,
京都,京都市役所,,,,,,,,,,
京都,長州藩屋敷跡,,,,,,,,,,
京都,京都文化博物館,,,,,,,,,,
京都,池坊頂法寺会館,,,"【拝観・開館時間】
 9:00～16:00 
 
 
 【休日・休館】
  土曜・日曜・祝日・年末年始・お盆期間",,"【料金】
  無料（4月・11月の行事期間中は有料）",,,,,
京都,島津総業記念館,,,,,,,,,,
京都,キンシ正宗堀野記念館,,,"【拝観・開館時間】
  [記念館]
 AM11:00〜PM5:00(受付時間PM4:30まで) 
 
 
 【休日・休館】
   2018年は毎週火水曜日
  年末年始/7･8月は臨時休館あり
 イベントによっては臨時休館あり。",,"【料金】
 500円(試飲付)",,,,,
京都,木戸孝光旧宅跡,,,,,,,,,,
京都,府立総合社会福祉会館,,,,,,,,,,
京都,新島襄旧宅,,,,,"【料金】 
 無料",,,,,
京都,京都市歴史資料館,,,"【拝観・開館時間】
  午前 9時～午後 5時
 
 
 【休日・休館】
  月曜日，祝休日，年末・年始（ 12月 28日～ 1月4日），展示替期間（年3～4回）
 ※ 詳しくは開館カレンダーを御覧ください。",,,,,,,
京都,京都市法法務局,,,,,,,,,,
京都,府立文化芸術会館,,,"【拝観・開館時間】
  ホール・会議室 9:00～21:30 展示室 10:00～18:00 
 
 【休日・休館】
  12月28日～1月4日（年末・年始のみ）",,"【料金】 
 使用施設による",,,,,
京都,府立医科大学,,,,,,,,,,
京都,府立医大病院,,,,,,,,,,
京都,北村美術館,,,"【拝観・開館時間】
  10:00～16:00 
 
 
 
 【休日・休館】
  毎週月曜、祝翌日、但し、年2回（春3月中旬～6月上旬、秋9月中旬～12月上旬の特別展時のみ開館）",,,,,,,
京都,同志社女子大学,,,,,,,,,,
京都,同志社大学,,,,,,,,,,
京都,承天閣美術館,,,"【拝観・開館時間】
 10：00～17：00(入館は16：30まで) 
 
 【休日・休館】
 年末年始(12/27～1/5)、展示替時",,"【料金】
 （開催中の展示により下記入館料と異なります。詳しくは「開催中の展示」をご覧ください。） 
 一般800円
 65歳以上・大学生：600円
  中・高生：300円
  小学生：200円",,,,,
京都,信長本廟,,,"【拝観・開館時間】 
 9時～16時（季節によって変動あり） 
 
 
 【休日・休館】 
 無休",,"【料金】
   大人700円
 小人200円（幼児は無料）",,,,,
京都,井村美術館,,,"【拝観・開館時間】
  10時～18時30分 
 
 
 【休日・休館】
  水曜日、夏期、年末年始",,"【料金】
  一般 500円
  学生 300円",,,,,
京都,応仁の乱勃発地,,,,,,,,,,
京都,大谷大学グランド,,,,,,,,,,
京都,京都下鴨病院,,,,,,,,,,
京都,左京区図書館福祉センター,,,,,,,,,,
京都,下鴨警察署,,,,,,,,,,
京都,旧三井家下鴨別邸,,,"【拝観・開館時間】
 ９時～１７時（閉館）１６時30分（受付終了）
 
 
 【休日・休館】
 毎週水曜日及び12/29～12/31 ※水曜が祝休日の場合はその翌日",,"【料金】
  【個人】
 大人 ４１０円／中高生 ３００円／小学生 ２００円",,,,,
京都,京都大学総合博物館,,,"【拝観・開館時間】
 9:30～16:30（入館は16:00まで）
 
 
 【休日・休館】
 月曜日、火曜日(平日・祝日にかかわらず)
 年末・年始(12月28日～1月4日)
 創立記念日(6月18日)
 夏期休業日(8月第3週水曜日)観覧料",,"【料金】
  一般： 400円 
 高校・大学： 300円 
 小・中学生： 200円",,,,,
京都,京都大学,,,,,,,,,,
京都,在京都フランス総領事館,,,,,,,,,,
京都,関西日仏学館,,,"【拝観・開館時間】 
 火曜～金曜： 9:30 – 21:00（ *10:00-18:30）
 土曜： 9:30 – 19:00（*10:00-18:30）
 日曜： 10:00 – 16:00（ *10:00-16:00）
 * 10月2日（火）～6日（土）、9日（火）～11日（木） 
 
 【休日・休館】
 月・祝",,,,,,,
京都,京大西部講堂,,,,,,,,,,
京都,京都大学,,,,,,,,,,
京都,日本イタリア京都会館,,,"【拝観・開館時間】
 月曜～土曜 10:00～19:00
 
 【休日・休館】
 日曜、祝日、年末年始、ゴールデンウィーク、お盆他",,,,,,,
京都,稲盛財団記念館,,,,,,,,,,
京都,京都大学附属病院,,,,,,,,,,
京都,京都ハンディクラフトセンター,,,,,,,,,,
京都,入国管理事務所,,,,,,,,,,
京都,京都踏水会,,,,,,,,,,
京都,石田ハカリの歴史観,,,,,,,,,,
京都,川端警察署,,,,,,,,,,
京都,ロームシアター京都,,,"【拝観・開館時間】
  9:00～22:00
  
 
 【休日・休館】
  年中無休",,"【料金】
  催事によって異なります。",,,,,
京都,みやこめっせ,,,,,,,,,,
京都,細見美術館,,,"【拝観・開館時間】
   美術館・ショップ：10時〜18時
 (入館は午後5時30分まで)
 茶室：11時〜17時（不定休）
 カフェ：10時30分～22時30分
 (カフェ：10：30～18：00／トラットリア：18：00～22：30)
 
 
 【休日・休館】
  ・月曜日 （祝日の場合は翌火曜日）
 ・展示替期間",,"【料金】
  展覧会によって異なる（展覧会情報はこちら",,,,,
京都,京都伝統産業ふれあい館,,,,,,,,,,
京都,府立図書館,,,,,,,,,,
京都,京都観世会館,,,"【拝観・開館時間】
  9:00～17:00
  
 
 
 【休日・休館】
  月曜日
 （月曜日が祝日の場合はその翌日が
 【休日・休館】
 となることがあります。）",,"【料金】
  催しにより異なる",,,,,
京都,藤井有鄰館,,,"【拝観・開館時間】
   12:00～15:00 
 
 
 
 【休日・休館】  
 第１・３日曜日のみ開館
  （＊木・金・土・日曜日は臨時開館あり、要事前連絡）",,"【料金】
   第1館 1000円、第2館 400円",,,,,
京都,京都国立近代美術館,,,"【拝観・開館時間】
 通常時間
 午前9時30分～午後5時（入館は午後4時30分まで）夜間開館
  毎週金曜日、土曜日
 午前9時30分～午後8時（入館は午後7時30分まで） 
  ＊7月6日（金）～10月6日（土）の金曜日、土曜日は、午後9時まで開館
 （入館は午後8時30分まで） 
 
 【休日・休館】
 毎週月曜日（月曜日が休日に当たる場合は、翌日が休館）及び年末・年始展示替期間の休館
 2018年10月9日～15日、12月18日年末年始の休館
 2018年12月28日（金）～ 2019年1月4日（金）（開館時間、
 【休日・休館】
 は臨時に変更する場合があります",,"【料金】
  観覧料企画展の観覧料は各展覧会によって異なります。",,,,,
京都,光秀塚,,,,,,,,,,
京都,京都華頂大学,,,,,,,,,,
京都,華頂短期大学,,,,,,,,,,
京都,祇園会館,,,,,"【料金】
  催しものによる",,,,,
京都,和順会館,,,,,,,,,,
京都,友禅苑庭園,,,"【拝観・開館時間】
  9:00～16:20 
 
 
 【休日・休館】
  無休、本山行事の為、変更・拝観停止の場合有り","【見学所要時間】
  約15分","【料金】
  大人 300円、小人（小中学生） 150円
 30名以上団体割引10％引き
 障害者手帳提示により本人無料",,,,,
京都,京阪ツーリストインフォメーションセンター祇園四条,,,,,,,,,,
京都,円山公園,,,,,"【料金】
  無料",,,,,
京都,南座,,,,,,,,,,
京都,漢字ミュージアム,,,"【拝観・開館時間】
  9:30〜17:00
 ※入館は16:30まで
 
 
 
 【休日・休館】
  月曜日（
 【休日・休館】
 が祝日の場合は、翌平日に振替）
 年末年始 ／ 臨時休館あり",,"【料金】
  大人：￥800
 大学生・高校生：￥500
 中学生・小学生：￥300
 未就学児：無料",,,,,
京都,祇園祭ギャラリー,,,,,,,,,,
京都,坂本竜馬中岡慎太郎像,,,,,,,,,,
京都,祇園甲部歌舞練場,,,,,,,,,,
京都,東山区総合庁舎,,,,,,,,,,
京都,東山警察署,,,,,,,,,,
京都,清水三年坂美術館,,,"【拝観・開館時間】
   午前10：00～午後5：00（入館は午後4：30まで） 
  
 
 【休日・休館】
   ●月・火曜日（祝日は開館）
 ●展示替期間《2018年8月20日（月）− 24日（金）、11月19日（月）− 23日（金・祝）》
 ●年末年始《2018年12月25日（火）‐ 2019年1月2日（水）》 
 ※都合により臨時休館する場合がございます。",,"【料金】
  大人 ８００円
 大・高・中学生 ５００円 
 小学生 ３００円 
 幼児 無料",,,,,
京都,近藤悠三記念館,,,"【拝観・開館時間】
  11:00～18:00 
 
 
 【休日・休館】
  水曜日（貸し切りのためご入観できないことがあります）",,"【料金】
  入館料 1000円（飲み物付・日本酒、御抹茶、煎茶）",,,,,
京都,京都陶磁器会館,,,"【拝観・開館時間】
 午前10時～午後6時（最終入館 午後5時30分）
 
 【休日・休館】
 木曜日(※祝日の場合は営業)",,"【料金】
 無料",,,,,
京都,大谷本廟,,,,,,,,,,
京都,河井寛次郎記念館,,,"【拝観・開館時間】
  10:00～17:00(入館受付 16:30まで) 
 
 
 【休日・休館】 
 月曜日(祝日は開館、翌日休館)
 夏期休館 8/11～8/20頃
 冬期休館 12/24～1/7頃",,"【料金】
  大人900円
  高・大学生500円
  小・中学生300円
  年間パス 3,000円",,,,,
京都,京都国立博物館,,,"【拝観・開館時間】
  9:30～17:00
 
 【休日・休館】
  毎週月曜（祝日の場合、翌火曜日が休）、
 臨時休館有り","【見学所要時間】
  約60分","【料金】
  一般520円，大学生260円，
 高校生以下・満18歳未満・満70歳以上無料（要証明）
 ※特別展は別
 【料金】
 
 
 【備考】
  開館時間、
 【休日・休館】
 はウェブサイトでご確認ください。
 クレジットカード対応：可※対応できるクレジットカードについては当館ウェブサイトをご参照ください
 外国語対応：展示室にて音声ガイド（日・英・中・韓）をご利用いただけます（入館者のみ、有料）","【備考】
  開館時間、
 【休日・休館】
 はウェブサイトでご確認ください。
 クレジットカード対応：可※対応できるクレジットカードについては当館ウェブサイトをご参照ください
 外国語対応：展示室にて音声ガイド（日・英・中・韓）をご利用いただけます（入館者のみ、有料）
 
 【予約方法】",,,,
京都,京都女子大学,,,,,,,,,,
京都,京都女子大学短期大学部,,,,,,,,,,
京都,音羽の滝,,,"【拝観・開館時間】
  6:00～18:00 
 
 
 
 【休日・休館】
  無休",,"【料金】
 一部施設（本堂・舞台）
 大人 400円
 大学生 400円
 高校生 400円
 中学生 200円
 小学生 200円
 団体割引なし。障害者予約無料",,,,,
京都,京都大学花山天文台,,,,,,,,,,
京都,関西日仏交流会館,,,,,,,,,,
京都,琵琶湖疏水記念館,,,"【拝観・開館時間】
  9:00～17:00 (3月～11月)
 9:00～16:30 (12月～2月)
 入館は開館の30分前まで
 
 
 【休日・休館】 
 毎週月曜日（祝日の場合は翌平日）12月28日～1月3日",,"【料金】
  無料",,,,,
京都,京都市動物園,,,,,"【料金】  
 一般 ： ６００円 
 団体（一般：３０名以上） ５００円 
 中学生以下 無料",,,,,
京都,京都市美術館,,,"【拝観・開館時間】
 AM 9：00〜PM 5：00
 （ただし入場はPM 4：30まで） 
 
 【休日・休館】
  月曜日（祝日の場合は開館）及び年末年始（12月28日〜1月2日）",,"【料金】
 観覧料は展覧会によって異なります。",,,,,
京都,野村美術館,,,"【拝観・開館時間】
 
 １０：００ー１６：３０ （１６：００ 最終入館）
 
 春 季 （３月上旬ー６月上旬）
 秋 季 （９月上旬ー１２月上旬）
 夏季・冬季は休館しております。
 
 
 【休日・休館】
 
 月曜日 （月曜が祝日の場合は翌日）",,"【料金】
  一般：８００円 
 学生：３００円 
 中学生以下：無料
 障がい者：３００円",,,,,
京都,京都市国際交流会館,,,"【拝観・開館時間】
  午前9:00 - 午後9:00 
 
 【休日・休館】
  毎週月曜日（祝日の場合はその翌日の祝日でない日）、年末年始",,"【料金】
 入館無料（図書、資料室を含む） 貸出施設（ホール、会議室）有料",,,,,
京都,国際交流基金,,,"【拝観・開館時間】
  月曜日～金曜日 10時～19時 
 
 
 【休日・休館】
  土曜日、日曜日、祝日、毎月最終日、年末年始、蔵書点検期間",,,,,,,
京都,白沙村荘,,,,,"【料金】
  庭園（白沙村荘橋本関雪記念館）
 一般：1300円 
 学生：500円 
  （大学生以上～学生証をお持ちの方すべて） 
 ※高校生以下 無料",,,,,
京都,湯川記念館,,,,,,,,,,
京都,京都造形芸術大学,,,,,,,,,,
京都,駒井家住宅,,,"【拝観・開館時間】
  10:00～16:00（入館は15:00まで） 
 
 【休日・休館】
  毎週日～木曜日
  （7月第3週から9月第1週・ 12月第3週から2月末までは休館）",,"【料金】
  一般：大人500円、中学生・高校生200円、小学生以下は無料（ただし、保護者同伴",,,,,
京都,一乗寺下り松,,,,,,,,,,
京都,俊寛僧都山荘跡,,,,,,,,,,