id,案内先名（name_ja）,英語名（name_en）,名詞辞書用英語,別名（alias）,カテゴリ（cat）,サブカテゴリ（subcat）,サブカテゴリ英語,エリア（area）,場所（station）,キーワード（keywords）,郵便番号（postcode）,住所（addr）,電話番号（tel）,構内（inside）,改札内（ingate）,喫煙（smoking）,座標（end_point）,緯度経度（lnglat）,日開始時間,日終了時間,月開始時間,月終了時間,火開始時間,火終了時間,水開始時間,水終了時間,木開始時間,木終了時間,金開始時間,金終了時間,土開始時間,土終了時間,公式サイトURL（url）,
1,JR在来線・各改札内（西洞院口含む）,JR conventional lines: inside each ticket gate (Including Nishinotoin-guchi),JR conventional lines ticket gate,,,,,,京都,"シャッター,駅",,京都府京都市下京区東塩小路高倉町8-3,0570-00-2486,内,内,,"1,59,47",,0545,2330,0545,2330,0545,2330,0545,2330,0545,2330,0545,2330,0545,2330,,
2,JR新幹線・各改札内（乗り換え口含む）,JR Shinkansen: In each ticket gate (including transfer gate),JR Shinkansen ticket gate,,,,,,京都,新幹線,,京都府京都市下京区東塩小路高倉町8-3,0570-00-2486,内,内,,"1,59,47",,0545,2330,0545,2330,0545,2330,0545,2330,0545,2330,0545,2330,0545,2330,,
3,近鉄・改札内,Inside the ticket gate of Kintetsu Line,Kintetsu Line ticket gate,,,近鉄,Kintetsu,,京都,"近鉄,近鉄京都線乗り場",,京都府京都市下京区東塩小路釜殿町31-1,050-3536-3957,内,内,,"2,38,73",,0530,2320,0530,2320,0530,2320,0530,2320,0530,2320,0530,2320,0530,2320,,
4,京都市営地下鉄・改札内,In the ticket gate of Kyoto Municipal Subway,Kyoto Municipal Subway gate,,,地下鉄,subway,,京都,"地下鉄,京都地下鉄烏丸線乗り場",,京都市下京区東塩小路町,075-343-6872,内,内,,"b2,79,35",,0527,2431,0527,2431,0527,2431,0527,2431,0527,2431,0527,2431,0527,2431,,
5,京都総合観光案内所（亰なび）,Kyoto General Tourist Information Center (Nabi Kyo),General Tourist Information Center,,その他・サービス,観光案内所,tourist information center,,京都,観光案内所,,京都府京都市下京区烏丸通塩小路下る　 京都駅ビル2階,075-343-0548,内,外,,"2,45,49",,0830,1900,0830,1900,0830,1900,0830,1900,0830,1900,0830,1900,0830,1900,http://xn--q9js323u.jp/,
6,駅ビルインフォメーション,Station building information,Station building information,,その他・サービス,,,,京都,,,京都市下京区東塩小路町　京都駅ビル2階,075-361-4401,内,外,,"2,49,40",,1000,1900,1000,1900,1000,1900,1000,1900,1000,1900,1000,1900,1000,1900,https://www.kyoto-station-building.co.jp/,
7,京都駅 屋上展望台,Kyoto Station rooftop observatory,rooftop observatory,,,,,,京都,,,京都市下京区烏丸通塩小路下ル東塩小路町,0570-00-2486,内,外,,"r,25,45",,0600,2300,0600,2300,0600,2300,0600,2300,0600,2300,0600,2300,0600,2300,,
8,烏丸小路広場,Karasuma Koji Square,Karasuma Koji Square,,,,,,京都,,,京都府京都市下京区東塩小路高倉町8-3,0570-00-2486,内,外,,"4,73,39",,0600,2300,0600,2300,0600,2300,0600,2300,0600,2300,0600,2300,0600,2300,,
9,京都駅・空中経路,Kyoto Station - aerial route,aerial route,,,,,,京都,,,京都府京都市下京区東塩小路高倉町8-3,0570-00-2486,内,外,,"10,75,39",,1000,2200,1000,2200,1000,2200,1000,2200,1000,2200,1000,2200,1000,2200,,
10,京都駅屋上・大空広場,Kyoto Station Rooftop and Ozora Square,Ozora Square,,,,,,京都,,,京都市下京区烏丸通塩小路下ル東塩小路町,0570-00-2486,内,外,,"r,25,45",,0600,2300,0600,2300,0600,2300,0600,2300,0600,2300,0600,2300,0600,2300,,
11,南北自由通路,North – South free passage,North – South free passage,,,,,,京都,,,京都府京都市下京区東塩小路高倉町8-3,0570-00-2486,内,外,,"2,46,45",,0530,2300,0530,2300,0530,2300,0530,2300,0530,2300,0530,2300,0530,2300,,
12,地下自由通路,underground free passage,underground free passage,,,,,,京都,,,京都府京都市下京区東塩小路高倉町8-3,0570-00-2486,内,外,,"b2,79,42",,0545,2330,0545,2330,0545,2330,0545,2330,0545,2330,0545,2330,0545,2330,,
13,東駐車場,East parking lot,East parking lot,,,,,,京都,,,京都府京都市下京区東塩小路高倉町8-3,075-361-4501,内,外,,"1,96,43",,0000,2400,0000,2400,0000,2400,0000,2400,0000,2400,0000,2400,0000,2400,,
14,西駐車場（第一/第二）,West parking lot (First and Second),West parking lot,,,,,,京都,,,京都府京都市下京区東塩小路高倉町8-3,075-361-4501,内,外,,"1,5,36",,0000,2400,0000,2400,0000,2400,0000,2400,0000,2400,0000,2400,0000,2400,,
15,バスターミナル,Bus terminal,Bus terminal,,その他・サービス,バス案内所,Bus Information Center,,京都,バス案内所,,京都府京都市下京区東塩小路町,075-672-2100,内,外,,"1,63,30",,0534,2358,0534,2358,0534,2358,0534,2358,0534,2358,0534,2358,0534,2358,,
16,バスチケットセンター,Bus Ticket Center,Bus Ticket Center,,その他・サービス,バス案内所,Bus Information Center,,京都,バス案内所,,京都府京都市下京区東塩小路町 Unnamed Road,0570-002-424,内,外,,"1,65,30",,0600,2300,0600,2300,0600,2300,0600,2300,0600,2300,0600,2300,0600,2300,,
17,タクシー乗り場（烏丸口）,Taxi stop (Karasuma Exit),Taxi stop,,,タクシー,Taxi,,京都,タクシー,,京都府京都市下京区中堂寺櫛笥町1番地,075-842-1212,内,外,,"1,73,33",,0000,2400,0000,2400,0000,2400,0000,2400,0000,2400,0000,2400,0000,2400,,
18,市バス・高速バス乗り場,City bus and highway bus stops,City bus and highway bus stops,,,高速バス乗り場,highway bus,,京都,"高速バス乗り場,リムジンバス乗り場",,京都府京都市下京区東塩小路釜殿町,075-222-3568,外,外,,"1,48,83",,0500,2400,0500,2400,0500,2400,0500,2400,0500,2400,0500,2400,0500,2400,,
19,京都駅前地下街 ポルタ,Porta underground shopping center in front of Kyoto Station,Porta,,ショッピング,地下街,underground mall,,京都,地下街,,京都府京都市下京区東塩小路町 ９０２ 烏丸通塩小路下ル, 075-365-7528,内,外,,"b2,55,31",,1000,2100,1000,2100,1000,2100,1000,2100,1000,2100,1000,2100,1000,2100,http://www.porta.co.jp/,
20,近鉄名店街みやこみち,Miyakomichi,Miyakomichi,,ギフト・おみやげ,お土産屋,Souvenir shop,,京都,"お土産屋,お土産",,京都府京都市下京区東塩小路釜殿町３１−１,075-691-8384,内,外,,"1,33,73",,0900,2200,0900,2200,0900,2200,0900,2200,0900,2200,0900,2200,0900,2200,https://www.gnavi.co.jp/kinmei/,
21,アスティ京都,Asti Kyoto,Asty,,ギフト・おみやげ,,,,京都,,,京都府京都市下京区東塩小路高倉町８−３,075-662-0741,内,外,,"1,57,75",,0700,2115,0700,2115,0700,2115,0700,2115,0700,2115,0700,2115,0700,2115,https://www.asty-kyoto.co.jp/asty_kyoto/,
22,ジェイアール京都伊勢丹（美術館えきkyoto含む）,JR Kyoto Isetan (Including Art Museum Eki Kyoto),JR Kyoto Isetan,,ショッピング,,,,京都,,,京都府京都市下京区烏丸通塩小路下ル東塩小路町,075-352-1111,内,外,,"2,44,42",,1000,2000,1000,2000,1000,2000,1000,2000,1000,2000,1000,2000,1000,2000,http://kyoto.wjr-isetan.co.jp/,
23,ザ・キューブ（The CUBE）,The Cube (The CUBE),The Cube,,ギフト・おみやげ,,,,京都,,,京都府京都市下京区烏丸通塩小路下ル東塩小路町901京都駅ビル,075-371-2134,内,外,,"1,52,41",,0830,2000,0830,2000,0830,2000,0830,2000,0830,2000,0830,2000,0830,2000,http://www.thecube.co.jp/,
24,コトチカ京都(地下自由通路と連結),Kotochika Kyoto (Connecting to underground free passage),Kotochika,,ショッピング,,,,京都,,,京都府京都市下京区東塩小路町,075-863-5068,内,外,,"b2,77,30",,0730,2100,0730,2100,0730,2100,0730,2100,0730,2100,0730,2100,0730,2100,https://kotochika.kyoto/,
25,Time’s Place 京都（近鉄京都駅改札内）,Time's Place Kyoto (Inside the ticket gate of Kintetsu Kyoto Station),Time's Place,,ショッピング,,,,京都,,,京都府京都市下京区東塩小路釜殿町３１−１,075-691-6881,内,外,,"2,37,75",,0600,2400,0600,2400,0600,2400,0600,2400,0600,2400,0600,2400,0600,2400,http://www.kintetsu-rs.com/details/timesplace/kyouto/,
26,JR西口改札前イートパラダイス（旧スバコJR京都伊勢丹）,Eat Paradise in front of JR West exit (Old Subako JR Kyoto Isetan),Eat Paradise,,レストラン・お食事,,,,京都,,,京都府京都市下京区東塩小路釜殿町下京区烏丸通塩小路下ル東塩小路町,075-352-1111,内,外,,"2,44,58",,1100,2200,1100,2200,1100,2200,1100,2200,1100,2200,1100,2200,1100,2200,http://kyoto.wjr-isetan.co.jp/suvaco/,
27,和食小路,Washoku Koji,Washoku Koji,,,,,,京都,,,京都府京都市下京区 塩小路下ル東塩小路町９０１ 烏丸通,075-361-4401,内,外,,"2,85,39",,,,,,,,,,,,,,,,,
28,京都劇場,Kyoto Theater,Kyoto Theater,,,,,,京都,,,京都府京都市下京区 塩小路下ル東塩小路町９０１ 烏丸通,,内,外,,"2,82,39",,,,,,,,,,,,,,,,https://www.kyoto-gekijo.com/,
29,京都拉麺小路,Kyoto Ramen Koji,Kyoto Ramen Koji,,レストラン・お食事,,,,京都,,,京都府京都市下京区 塩小路下ル東塩小路町９０１ 烏丸通,,内,外,,"10,40,48",,1100,2200,1100,2200,1100,2200,1100,2200,1100,2200,1100,2200,1100,2200,https://www.kyoto-ramen-koji.com/index.html,
30,おみやげ街道,Souvenir Highway,Omiyage Kaido,,ショッピング,,,,京都,,,,,内,外,,"2,47,62",,0730,2200,0730,2200,0730,2200,0730,2200,0730,2200,0730,2200,0730,2200,https://www.dailyservice.co.jp/shop/%E3%81%8A%E3%81%BF%E3%82%84%E3%81%92%E8%A1%97%E9%81%93%EF%BC%AA%EF%BC%B2%E4%BA%AC%E9%83%BD%E9%A7%85%E8%A5%BF%E5%8F%A3%E5%BA%97.html,
31,（構外）ビックカメラJR京都店（西洞院口から直結）,Bic Camera JR Kyoto (Directly connected to Nishinotoin exit),Bic Camera,,ショッピング,家電量販店,electronics mass retailer,,京都,ビックカメラ,,京都府京都市下京区東塩小路町927,075-353-1111,内,外,,,,1000,2100,1000,2100,1000,2100,1000,2100,1000,2100,1000,2100,1000,2100,https://www.biccamera.co.jp/shoplist/shop-101.html,
32,（重複）ホテル近鉄京都駅,Hotel Kintetsu Kyoto Station,Kintetsu,,,,,,京都,,,京都府京都市下京区東塩小路釜殿町１−９,075-692-2111,内,外,,,,,,,,,,,,,,,,,,https://www.miyakohotels.ne.jp/kyoto-station/index.html,
33,ホテルグランヴィア京都,Hotel Granvia Kyoto,Granvia,,,ホテル,Hotel,,京都,グランヴィア京都,,京都府京都市下京区東塩小路町９０１,075-344-8888,内,外,,"2,73,42",,,,,,,,,,,,,,,,http://www.granvia-kyoto.co.jp/,
35,鉄道案内所,railway information center,railway information center,,その他・サービス,案内所,information center,,京都,案内所,,京都府京都市下京区東塩小路釜殿町,,内,外,,"1,57,43",,,,,,,,,,,,,,,,http://www.kyoto-kankou.or.jp/info_search/?id=3859&r=1541645747.6749,
36,コトチカ京都 市バス・地下鉄案内所,Kotochika Kyoto City Bus and Subway Information Center,Kotochika Kyoto City Bus and Subway Information Center,,その他・サービス,案内所,information center,,京都,案内所,600-8216,京都府京都市下京区東塩小路釜殿町,075-371-9866,内,外,,"1,80,38",,0730,1930,0730,1930,0730,1930,0730,1930,0730,1930,0730,1930,0730,1930,,
38,中央口,central opening,central exit,,,改札,ticket gate,,京都,"改札,中央口",,,,内,外,,"1,59,44",,,,,,,,,,,,,,,,,
39,八条東口,Hachijo East Exit,Hachijo East Exit,,,改札,ticket gate,,京都,改札,,,,内,外,,"1,78,71",,,,,,,,,,,,,,,,,
40,新幹線八条東口,Hachijo East Exit of Shinkansen,Hachijo East Exit of Shinkansen,,,改札,ticket gate,,京都,改札,,,,内,外,,"1,76,73",,,,,,,,,,,,,,,,,
41,新幹線八条口改札,Ticket gate of Shinkansen Hachijo,Shinkansen Hachijo ticket gate,,,改札,ticket gate,,京都,"改札,八条口",,,,内,外,,"1,56,72",,,,,,,,,,,,,,,,,
42,西洞院口,Nishinotoin-guchi,West Toin gate,,,改札,ticket gate,,京都,改札,,,,内,外,,"1,0,49",,1000,2100,1000,2100,1000,2100,1000,2100,1000,2100,1000,2100,1000,2100,,
43,新幹線中央口,Shinkansen Chuo-guchi,Shinkansen Central Ticket Gate,,,改札,ticket gate,,京都,"改札,中央口",,,,内,外,,"2,53,62",,,,,,,,,,,,,,,,,
44,近鉄改札口,Kintetsu ticket gate,Kintetsu Ticket Gate,,,改札,ticket gate,,京都,"改札,近鉄",,,,内,外,,"2,40,73",,,,,,,,,,,,,,,,,
45,新幹線中央乗換口,Shinkansen Central Transfer Gate,Shinkansen Central Transfer Gate,,,改札,ticket gate,,京都,改札,,,,内,内,,"2,49,74",,,,,,,,,,,,,,,,,
46,新幹線東乗換口,East transfer gate of Shinkansen,Shinkansen East Transfer Gate,,,改札,ticket gate,,京都,改札,,,,内,内,,"2,73,73",,,,,,,,,,,,,,,,,
47,西口,West exit,West Exit,,,改札,ticket gate,,京都,改札,,,,内,外,,"2,49,56",,,,,,,,,,,,,,,,,
48,地下中央口,underground central entrance,Underground Central Entrance,,,改札,ticket gate,,京都,改札,,,,内,外,,"b1,59,39",,,,,,,,,,,,,,,,,
49,地下鉄東口,East exit of subway station,Subway East Eexit,,,改札,ticket gate,,京都,"改札,地下鉄",,,,内,外,,"b2,77,42",,,,,,,,,,,,,,,,,
50,地下鉄中央口1,Metro Central Exit 1,Metro Central Exit 1,,,改札,ticket gate,,京都,"改札,地下鉄",,,,内,外,,"b2,80,35",,,,,,,,,,,,,,,,,
51,地下鉄中央口2,Central Exit 2,Central Exit 2,,,改札,ticket gate,,京都,"改札,地下鉄",,,,内,外,,"b2,79,47",,,,,,,,,,,,,,,,,
52,JR京都駅キャリーサービス Crosta京都,JR Kyoto Station CARRY SERVICE CROSTA KYOTO,Carry Service Crosta Kyoto,,,コインロッカー,Coin locker,,京都,"コインロッカー,荷物預かり",,,,内,外,,"b1,58,45",,,,,,,,,,,,,,,,https://handsfree-japan.com/,
53,西改札内,Coin lockers at the west ticket gate,,,,コインロッカー,Coin locker,,京都,コインロッカー,,,,内,内,,"2,52,65",,,,,,,,,,,,,,,,,
54,西改札口自由連絡通路,Coin lockers at the free passage of the West ticket gate,,,,コインロッカー,Coin locker,,京都,コインロッカー,,,,内,外,,"2,48,51",,,,,,,,,,,,,,,,,
55,八条口,Hachijoguchi coin locker,,,,コインロッカー,Coin locker,,京都,コインロッカー,,,,内,外,,"1,75,74",,,,,,,,,,,,,,,,,
56,京都劇場下,Kyoto Theater Suburban Coin Coin Coin,,,,コインロッカー,Coin locker,,京都,コインロッカー,,,,内,外,,"1,83,37",,,,,,,,,,,,,,,,,
57,鳥丸口 （みどりの窓口近く）,Torimarukuchi (B) Coin locker,,,,コインロッカー,Coin locker,,京都,コインロッカー,,,,内,外,,"1,68,40",,,,,,,,,,,,,,,,,
59,鳥丸口外（中央口すぐポルタへの階段正面横）,Torimarukuchi coin locker,,,,コインロッカー,Coin locker,,京都,コインロッカー,,,,内,外,,"1,58,32",,,,,,,,,,,,,,,,,
60,鳥丸口定期観光バス乗り場,Torimaruguchi Regular Sightseeing Bus Terminal Coin Coin Coin,,,,コインロッカー,Coin locker,,京都,コインロッカー,,,,内,外,,"1,41,27",,,,,,,,,,,,,,,,,
61,JR中央改札内0番のりば（複数個所）,Coin lockers at the central ticket gate,,,,コインロッカー,Coin locker,,京都,コインロッカー,,,,内,内,,"1,51,46",,,,,,,,,,,,,,,,,
62,京都駅ビル地下一階（3か所）,Coin locker on the first basement (F),,,,コインロッカー,Coin locker,,京都,コインロッカー,,,,内,外,,"b1,70,39",,,,,,,,,,,,,,,,,
63,地下自由通路 中央,Coin lockers on Platform 8 and 9 inside the JR underground ticket gate,,,,コインロッカー,Coin locker,,京都,コインロッカー,,,,内,内,,"b2,81,55",,,,,,,,,,,,,,,,,
64,"JR地下改札内8,9番線のりば階段前",Coin lockers on Platform 8 and 9 inside the JR underground ticket gate,,,,コインロッカー,Coin locker,,京都,コインロッカー,,,,内,内,,"b2,79,65",,,,,,,,,,,,,,,,,
65,地下鉄烏丸線のりば（中央1改札）対面,Coin-operated lockers outside the ticket gate of the JR underground east exit,,,,コインロッカー,Coin locker,,京都,コインロッカー,,,,内,外,,"b2,76,39",,,,,,,,,,,,,,,,,
66,ポルタA2出口（タクシーのりば/京都駅ビル）,Coin lockers at the A1 exit,,,,コインロッカー,Coin locker,,京都,コインロッカー,,,,内,外,,"b2,84,29",,,,,,,,,,,,,,,,,
67,ポルタA3出口階段前（塩小路通）,A3 Exit Coin Coin Coin Coin,Coin Lockers At A3 Exit,,,コインロッカー,Coin locker,,京都,コインロッカー,,,,内,外,,"b2,89,22",,,,,,,,,,,,,,,,,
68,ポルタB7出口横（京都駅ビル連絡通路/ザ・キューブ）,B7 Exit Coin Coin Coin,Coin Lockers At B7 Exit,,,コインロッカー,Coin locker,,京都,コインロッカー,,,,内,外,,"b2,56,30",,,,,,,,,,,,,,,,,
69,ポルタC1出口前（京都駅南北自由通路前階段）,Coin locker at C1 exit,Coin Lockers At  C1 Exit,,,コインロッカー,Coin locker,,京都,コインロッカー,,,,内,外,,"b2,40,27",,,,,,,,,,,,,,,,,
70,ポルタC3出口横,Coin locker at C3 exit,Coin Lockers At  C3 Exit,,,コインロッカー,Coin locker,,京都,コインロッカー,,,,内,外,,"b2,42,23",,,,,,,,,,,,,,,,,
71,ポルタC9出口横（2か所）,Coin locker at C9 exit,Coin Lockers At  C9 Exit,,,コインロッカー,Coin locker,,京都,コインロッカー,,,,内,外,,"b2,31,24",,,,,,,,,,,,,,,,,
73,ポルタB12階段横,B 12 Stair side coin locker,Coin Lockers Beside  B12 Stair,,,コインロッカー,Coin locker,,京都,コインロッカー,,,,内,外,,"b2,53,19",,,,,,,,,,,,,,,,,
74,1番出口（烏丸塩小路北東）,Coin locker at the exit 1,Coin lockers at the exit 1,,,コインロッカー,Coin locker,,京都,コインロッカー,,,,内,外,,"b2,77,13",,,,,,,,,,,,,,,,,
76,地下鉄烏丸線のりば（北改札）,Coin lockers at the north ticket gate,,,,コインロッカー,Coin locker,,京都,コインロッカー,,,,内,外,,"b2,77,19",,,,,,,,,,,,,,,,,
77,多機能トイレ,Multifunctional Restroom,,,,お手洗い,restroom,,京都,"お手洗い,車いす対応トイレ,多目的トイレ,トイレ",,,,内,外,,"1,63,72",,,,,,,,,,,,,,,,,
78,多機能トイレ,Multifunctional Restroom,,,,お手洗い,restroom,,京都,"お手洗い,車いす対応トイレ,多目的トイレ,トイレ",,,,内,外,,"b2,84,36",,,,,,,,,,,,,,,,,
79,多機能トイレ,Multifunctional Restroom,,,,お手洗い,restroom,,京都,"お手洗い,車いす対応トイレ,多目的トイレ,トイレ",,,,内,外,,"2,48,49",,,,,,,,,,,,,,,,,
80,京都駅烏丸口（バス）,Karasuma Exit of Kyoto Station (Bus),Karasuma Exit Bus Stop,,,バス,Bus,,京都,バス乗り場,,,,外,外,,"1,37,12",,,,,,,,,,,,,,,,,
81,京都駅八条口バス乗り場,Kyoto Station Hachijoguchi bus stop,Hachijoguchi bus stop,,,バス,Bus,,京都,バス乗り場,,,,外,外,,"1,37,78",,,,,,,,,,,,,,,,,
82,京都駅烏丸口 JRバスのりば,Karasuma Exit of Kyoto Station JR Bus Stop,Karasuma Exit  JR Bus Stop,,,バス,Bus,,京都,バス乗り場,,,,外,外,,"1,52,31",,,,,,,,,,,,,,,,,
83,京都駅八条口 (民営バス・高速バス) F3のりば,"Kyoto Station Hachijo Exit (Private buses and highway buses), platform F3",Hachijo  Exit F3 ,,,"バス,高速バス",Bus,,京都,バス乗り場,,,,外,外,,"1,65,82",,,,,,,,,,,,,,,,,
84,京都定期観光バス 京都駅烏丸口バスターミナル,Kyoto Regular Tour Bus Kyoto Station Karasuma Exit Bus Terminal,,,,バス,Bus,,京都,バス乗り場,,,,外,外,,"1,40,28",,,,,,,,,,,,,,,,,
85,空港リムジンバス乗り場,Airport limousine bus stop,Airport limousine bus stop,,,バス,Bus,,京都,"バス乗り場,関空リムジンバス乗り場",,,,外,外,,"1,69,90",,,,,,,,,,,,,,,,,
86,京都駅八条口（ケイルック）E1バスのりば,Kyoto Station Hachijo Exit (Kay look) E1 bus stop,,,,バス,Bus,,京都,バス乗り場,,,,外,外,,"1,35,81",,,,,,,,,,,,,,,,,
87,Willer夜行バス 八条口バス停,Willer night bus: Hachijoguchi bus stop,,,,バス,Bus,,京都,バス乗り場,,,,外,外,,"1,52,88",,,,,,,,,,,,,,,,,
88,京都駅八条口 (伊丹空港リムジンバス) G3のりば,Kyoto Station Hachijo Exit (Itami Airport limousine bus) G3 Noriba,,,,バス,Bus,,京都,"バス乗り場,リムジンバス乗り場",,,,外,外,,"1,63,89",,,,,,,,,,,,,,,,,
90,京都駅八条口東側バスのりば,Kyoto Station Hachijoguchi East Bus Stop,,,,バス,Bus,,京都,バス乗り場,,,,外,外,,"1,84,86",,,,,,,,,,,,,,,,,
91,京都観光バス駅,Kyoto Kanko Bus Station,,,,バス,Bus,,京都,バス乗り場,,,,外,外,,"1,38,27",,,,,,,,,,,,,,,,,
92,京都駅八条口（プリンセスラインバス）E2のりば,Kyoto Station Hachijo Exit (Princess Line Bus) E2 Noriba,,,,バス,Bus,,京都,バス乗り場,,,,外,外,,"1,34,81",,,,,,,,,,,,,,,,,
93,都駅八条口（民営バス）のりば,Toei Station Hachijo Exit (private bus) Noriba,,,,バス,Bus,,京都,バス乗り場,,,,外,外,,"1,37,82",,,,,,,,,,,,,,,,,
94,京都駅八条口バスのりば,Kyoto Station Hachijoguchi Bus Stop,,,,バス,Bus,,京都,バス乗り場,,,,外,外,,"1,87,90",,,,,,,,,,,,,,,,,
95,京都駅八条口 (関空リムジンバス) H2のりば,Kyoto Station Hachijo Exit (Kansai Airport Limousine Bus) H2 Noriba,,,,バス,Bus,,京都,"バス乗り場,関空行バス乗り場, 京都八条口アバンティ前,関空リムジンバス",,,,外,外,,"1,91,89",,,,,,,,,,,,,,,,,
96,京都駅八条口（市バス）F1のりば,Kyoto Station Hachijo Exit (City bus) F1 platform,,,,バス,Bus,,京都,バス乗り場,,,,外,外,,"1,56,83",,,,,,,,,,,,,,,,,
97,京都駅八条口アバンティ前（市バス）H5のりば,Kyoto Station Hachijoguchi Avanti-mae (City bus) Platform H5,,,,バス,Bus,,京都,バス乗り場,,,,外,外,,"1,97,99",,,,,,,,,,,,,,,,,
98,京阪バス（株）京都定期観光バス,"Keihan Bus Co., Ltd. Kyoto Regular Tour Bus",,,,バス,Bus,,京都,バス乗り場,,,,外,外,,"1,85,93",,,,,,,,,,,,,,,,,
99,京都駅八条口（市バス）F2のりば,Kyoto Station Hachijo Exit (City bus) F2 Noriba,,,,バス,Bus,,京都,バス乗り場,,,,外,外,,"1,62,83",,,,,,,,,,,,,,,,,
100,京都駅烏丸口 (高速バス) JR1のりば,Karasuma Exit of Kyoto Station (express bus) JR Platform 1,,,,バス,Bus,,京都,"バス乗り場,高速バス乗り場",,,,外,外,,"1,48,31",,,,,,,,,,,,,,,,,
101,京都駅烏丸口 (高速バス) JR2のりば,Karasuma Exit of Kyoto Station (express bus) JR Platform 2,,,,バス,Bus,,京都,"バス乗り場,高速バス乗り場",,,,外,外,,"1,52,31",,,,,,,,,,,,,,,,,
102,京都駅八条口貸切バス乗降場,Kyoto Station Hachijoguchi Private Bus Stop,,,,バス,Bus,,京都,バス乗り場,,,,外,外,,"1,87,84",,,,,,,,,,,,,,,,,
104,京都駅前（市バス）A2のりば,Platform A2 in front of Kyoto Station (City bus),,,,バス,Bus,,京都,バス乗り場,,,,外,外,,"1,52,28",,,,,,,,,,,,,,,,,
105,京都駅前（市バス）A3 のりば,"Kyoto Ekimae (City bus), Platform A3",,,,バス,Bus,,京都,バス乗り場,,,,外,外,,"1,55,28",,,,,,,,,,,,,,,,,
106,京都駅八条口（民営バス）H3おりば,Kyoto Station Hachijo Exit (private bus) H3 Obori,,,,バス,Bus,,京都,バス乗り場,,,,外,外,,"1,97,84",,,,,,,,,,,,,,,,,
107,京都駅前（市バス）A1のりば,"Platform A1, in front of Kyoto Station (City bus)",,,,バス,Bus,,京都,バス乗り場,,,,外,外,,"1,48,28",,,,,,,,,,,,,,,,,
108,京都駅前（京阪バス・丹海交通バス）C2のりば,Kyoto Station (Keihan Bus / Tankai Kotsu Bus) C2 Noriba,,,,バス,Bus,,京都,"バス乗り場,京都水族館行バス乗り場,京都鉄道博物館行バス乗り場",,,,外,外,,"1,58,17",,,,,,,,,,,,,,,,,
109,京都駅八条口（民営バス）H4のりば,Kyoto Station Hachijo Exit (private bus) H4 Noriba,,,,バス,Bus,,京都,バス乗り場,,,,外,外,,"1,98,95",,,,,,,,,,,,,,,,,
110,都駅八条口アバンティ前（市バス）I2のりば,Miyako Station Hachijoguchi Avanti-mae (City bus) Platform I2,,,,バス,Bus,,京都,"バス乗り場,市バス乗り場",,,,外,外,,"1,98,80",,,,,,,,,,,,,,,,,
111,京都駅八条口（高速バス）G2のりば,Kyoto Station Hachijo Exit (express bus) G2 Noriba,,,,バス,Bus,,京都,バス乗り場,,,,外,外,,"1,60,88",,,,,,,,,,,,,,,,,
112,京都駅八条口アバンティ前（市バス）H7のりば,Kyoto Station Hachijoguchi Avanti-mae (City bus) Platform H7,,,,バス,Bus,,京都,"バス乗り場,市バス乗り場",,,,外,外,,"1,99,95",,,,,,,,,,,,,,,,,
113,京都駅前（市バス）B1のりば,Platform B1 in front of Kyoto Station (City bus),,,,バス,Bus,,京都,"バス乗り場,市バス乗り場",,,,外,外,,"1,46,25",,,,,,,,,,,,,,,,,
114,京都駅烏丸口 (一般)タクシーのりば,Karasuma Exit of Kyoto Station (General),,,,タクシーのりば,taxi stand,,京都,"タクシー乗り場,タクシー",,,,外,外,,"1,74,31",,,,,,,,,,,,,,,,,
115,MKタクシー 京都駅八条口のりば,MK Taxi Kyoto Station Hachijoguchi Noriba,,,,タクシーのりば,taxi stand,,京都,"タクシー乗り場,タクシー",,,,外,外,,"1,50,92",,,,,,,,,,,,,,,,,
116,京都駅八条口タクシー乗り場,Kyoto Station Hachijoguchi taxi stand,,,,タクシーのりば,taxi stand,,京都,"タクシー乗り場,タクシー",,,,外,外,,"1,37,78",,,,,,,,,,,,,,,,,
117,京都駅烏丸口 タクシーおりば,Karasuma Exit of Kyoto Station Taxi Oriba,,,,タクシーのりば,taxi stand,,京都,"タクシー乗り場,タクシー",,,,外,外,,"1,83,26",,,,,,,,,,,,,,,,,
118,三菱UFJ銀行京都駅前支店,BTMU Kyoto-ekimae Branch,,,,銀行,bank,,京都,銀行,,京都府 京都市下京区塩小路通烏丸西入東塩小路町614,075-371-2171,外,外,,"1,6,11",,9999,9999,0900,1500,0900,1500,0900,1500,0900,1500,0900,1500,9999,9999,http://map.bk.mufg.jp/b/bk_mufg/info/BA590245/,
119,（構外）京都銀行 京都駅前支店,"Kyoto Bank, Kyoto-ekimae Branch",,,,銀行,bank,,京都,銀行,,京都府京都市下京区東塩小路町 731 烏丸通七条下ル,075-371-5111,外,外,,,,9999,9999,0900,1500,0900,1500,0900,1500,0900,1500,0900,1500,9999,9999,https://sasp.mapion.co.jp/b/kyotobank_s/info/BA721463/,
120,（見つからず）スルガ銀行 京都支店,Suruga Bank Kyoto Branch,,,,銀行,bank,,京都,銀行,,京都府京都市下京区 西洞院東入東塩小路町843番地2 塩小路通,075-344-0752,外,外,,,,9999,9999,0900,1500,0900,1500,0900,1500,0900,1500,0900,1500,9999,9999,https://www.e-map.ne.jp/p/suruga/dtl/100932/,
121,京都中央信用金庫 八条口支店,"Hachijoguchi Branch, Kyoto Chuo Shinkin Bank",,,,銀行,bank,,京都,銀行,,京都府京都市南区東九条西山王町31,075-681-2121,外,外,,"1,97,99",,9999,9999,0900,1500,0900,1500,0900,1500,0900,1500,0900,1500,9999,9999,https://pkg.navitime.co.jp/kyoto-chushin/spot/detail?code=0000000267,
122,ゆうちょ銀行大阪支店ビックカメラＪＲ京都駅店内出張所,Japan Post Bank Osaka Branch Bic Camera JR Kyoto Station Store Branch,,,,ATM,ATM,,京都,"ATM,,ゆうちょ銀行ATM",,京都府京都市下京区東塩小路町927,,内,外,,"1,5,43",,1000,2000,1000,2000,1000,2000,1000,2000,1000,2000,1000,2000,1000,2000,,
123,三菱UFJ銀行 ATMコーナー ジェイアール京都伊勢丹,Mitsubishi UFJ Bank ATM Corner JR Kyoto Isetan,,,,ATM,ATM,,京都,"ATM,みずほ銀行ATM",,京都府京都市下京区 東塩小路町901,,内,外,,"2,34,41",,1000,2000,1000,2000,1000,2000,1000,2000,1000,2000,1000,2000,1000,2000,http://map.bk.mufg.jp/b/bk_mufg/info/BA592438/,
124,三井住友銀行 JR京都駅出張所,Sumitomo Mitsui Banking Corporation JR Kyoto Station Representative Office,,,,ATM,ATM,,京都,"ATM,三井住友銀行ATM",,京都府京都市下京区 塩小路下る東塩小路町901 ＪＲ京都駅ビル東ゾーン1F 京都劇場入口階段前 烏丸通,06-6534-2900,内,外,,"b2,77,20",,0700,2100,0700,0000,0700,0000,0700,0000,0700,0000,0700,0000,0700,0000,https://www.e-map.ne.jp/smt/smbcbank/inf/5711000100000/,
125,ゆうちょ銀行大阪支店ＪＲ京都駅内出張所,"Yucho Bank, Osaka Branch, JR Kyoto Station Sub-Branch",,,,ATM,ATM,,京都,"ATM,ゆうちょ銀行ATM",,京都府京都市下京区塩小路町,,内,外,,"2,45,68",,0800,2100,0700,2300,0700,2300,0700,2300,0700,2300,0700,2300,0800,2300,https://map.japanpost.jp/p/search/dtl/400226003600/,
126,りそな銀行 JR京都駅出張所 無人ATM,Resona Bank ATMs at the JR Kyoto Station Branch,,,,ATM,ATM,,京都,"ATM,りそな銀行ATM",,京都府京都市下京区東塩小路釜殿町31,075-221-1141,内,外,,"2,45,68",,0530,0000,0530,0000,0530,0000,0530,0000,0530,0000,0530,0000,0530,0000,https://resona-map.jp/detail.php?id=688,
127,三菱UFJ銀行ATMコーナー ＪＲ京都駅,Mitsubishi UFJ Bank ATM Corner JR Kyoto Station,,,,ATM,ATM,,京都,"ATM,三菱UFJATM",,京都府京都市下京区東塩小路釜殿町,,内,外,,"2,45,68",,0700,0000,0700,0000,0700,0000,0700,0000,0700,0000,0700,0000,0700,0000,http://map.bk.mufg.jp/b/bk_mufg/info/BA841513/,
128,みずほ銀行ATM 京都駅八条口出張所,Mizuho Bank ATM Kyoto Station Hachijoguchi Sub-Branch,,,,ATM,ATM,,京都,"ATM,みずほ銀行ATM",,京都府京都市下京区東塩小路釜殿町,,内,外,,"1,38,70",,0800,2100,0600,2300,0600,2300,0600,2300,0600,2300,0600,2300,0600,2200,https://shop.www.mizuhobank.co.jp/b/mizuho/info/BA703688/,
129,ゆうちょ銀行大阪支店 近鉄京都駅構内出張所,"Yucho Bank, Osaka Branch, Kintetsu Kyoto Station Branch Office",,,,ATM,ATM,,京都,"ATM,ゆうちょ銀行ATM",,京都府京都市下京区東塩小路釜殿町,,内,内,,"2,35,70",,0700,2100,0700,2300,0700,2300,0700,2300,0700,2300,0700,2300,0700,2300,https://map.japanpost.jp/p/search/dtl/400226006700/,
130,イオン銀行ATM 近鉄京都駅１Ｆ名店街出張所,"Aeon Bank ATM, Meitengai Branch Office, 1st floor of Kintetsu Kyoto Station",,,,ATM,ATM,,京都,"ATM,ゆうちょ銀行ATM",,京都府京都市下京区東塩小路釜殿町31-1,-,内,外,,"1,23,75",,0600,2400,0600,2400,0600,2400,0600,2400,0600,2400,0600,2400,0600,2400,https://map.aeonbank.co.jp/aeonbank/spot/detail?code=0000001220,
131,京都信用金庫,Kyoto Shinkin Bank,,,,ATM,ATM,,京都,ATM,,-,-,内,外,,"1,22,75",,0700,2300,0700,2300,0700,2300,0700,2300,0700,2300,0700,2300,0700,2300,http://sasp.mapion.co.jp/b/kyoto_shinkin/info/k526/,
132,イオン銀行,Aeon Bank,,,,ATM,ATM,,京都,ATM,,-,-,外,外,,"1,22,75",,0500,2345,0500,2345,0500,2345,0500,2345,0500,2345,0500,2345,0500,2345,,
133,三井住友銀行,Sumitomo Mitsui Banking Corporation,,,,ATM,ATM,,京都,"ATM,三井住友銀行ATM",,-,-,外,外,,"1,37,70",,0700,2400,0700,2400,0700,2400,0700,2400,0700,2400,0700,2400,0700,2400,,
134,京都中央信用金庫 京都駅出張所,Kyoto Chuo Shinkin Bank,,,,ATM,ATM,,京都,ATM,,-,-,外,外,,"b1,61,39",,0730,2200,0700,2300,0700,2300,0700,2300,0700,2300,0700,2300,0730,2200,,
135,ゆうちょ銀行,Japan Post Bank,,,,ATM,ATM,,京都,"ATM,ゆうちょ銀行ATM",,-,-,外,外,,"1,37,69",,0800,2100,0700,2300,0700,2300,0700,2300,0700,2300,0700,2300,0800,2300,,
136,南都銀行,Nanto Bank,,,,ATM,ATM,,京都,ATM,,-,-,外,外,,"2,45,68",,0700,2300,0700,2300,0700,2300,0700,2300,0700,2300,0700,2300,0700,2300,,
137,京都銀行,Kyoto Bank,,,,ATM,ATM,,京都,ATM,,-,-,外,外,,"2,45,68",,0700,2300,0700,2300,0700,2300,0700,2300,0700,2300,0700,2300,0700,2300,,
138,滋賀銀行,Shiga Bank,,,,ATM,ATM,,京都,ATM,,-,-,外,外,,"2,45,68",,0700,2300,0700,2300,0700,2300,0700,2300,0700,2300,0700,2300,0700,2300,,
139,京都信用金庫 近鉄名店街みやこみち出張所,"Miyakomichi Sub-Branch, Kintetsu Meiyatengai, Kyoto Shinkin Bank",,,,ATM,ATM,,京都,ATM,,京都府京都市下京区東塩小路釜殿町３１−１ 近鉄名店街みやこみち内,-,外,外,,"1,23,75",,0700,2300,0700,2300,0700,2300,0700,2300,0700,2300,0700,2300,0700,2300,http://sasp.mapion.co.jp/b/kyoto_shinkin/info/k527/,
140,セブン‐イレブンハートインJR京都駅地下東口,Seven Eleven Heart Inn JR Kyoto Station underground east exit,,,コンビニ・スーパー,コンビニ,convenience store,,京都,"コンビニ,売店",,京都府京都市下京区塩小路下ル東塩小路町 烏丸通,075-365-3122,内,外,,"b2,82,45",,0630,2330,0630,2330,0630,2330,0630,2330,0630,2330,0630,2330,0630,2330,http://www.e-map.ne.jp/p/711map/dtl/464662/?&p_s1=40000&p_f2=1&p_f3=1&p_f4=1&cond40=1&cond41=1&&his=sw,
141,セブン-イレブン キヨスクＪＲ京都駅西口改札内店,Seven-Eleven Kiosk JR Kyoto Station West Entrance Ticket Entrance,,,コンビニ・スーパー,売店,shop,,京都,売店,,京都府京都市下京区東塩小路釜殿町,075-353-1363,内,内,,"1,52,54",,0630,2330,0630,2330,0630,2330,0630,2330,0630,2330,0630,2330,0630,2330,http://www.e-map.ne.jp/p/711map/dtl/367976/?&p_s1=40000&p_f2=1&p_f3=1&p_f4=1&cond40=1&cond41=1&&his=sw,
142,セブン-イレブン キヨスクＪＲ京都駅0番のりば東店,Seven-Eleven Kiosk JR Kyoto Station Platform 0 Higashi,,,コンビニ・スーパー,売店,shop,,京都,売店,,ｰ,ｰ,内,内,,"1,61,53",,0700,2130,0700,2130,0700,2130,0700,2130,0700,2130,0700,2130,0700,2130,http://www.e-map.ne.jp/p/711map/dtl/399367/?&p_s1=40000&p_f2=1&p_f3=1&p_f4=1&cond40=1&cond41=1&&his=sw,
143,セブン-イレブン キヨスクＪＲ京都駅0番のりば西店,Seven-Eleven Kiosk JR Kyoto Station Platform 0 Nishi,,,コンビニ・スーパー,売店,shop,,京都,売店,,京都府京都市下京区烏丸通塩小路下ル東塩小路町,075-352-5462,内,内,,"1,31,49",,0630,2130,0630,2130,0630,2130,0630,2130,0630,2130,0630,2130,0630,2130,http://www.e-map.ne.jp/p/711map/dtl/404951/?&p_s1=40000&p_f2=1&p_f3=1&p_f4=1&cond40=1&cond41=1&&his=sw,
144,セブン-イレブン ハートインＪＲ京都駅東塩小路店,Seven-Eleven Heart Inn JR Kyoto Station Higashi Shiokoji,,,コンビニ・スーパー,コンビニ,convenience store,,京都,"コンビニ,売店",,京都府京都市下京区東塩小路町940,075-353-0080,内,外,,"1,10,35",,0630,2300,0630,2300,0630,2300,0630,2300,0630,2300,0630,2300,0630,2300,http://www.e-map.ne.jp/p/711map/dtl/392365/?&p_s1=40000&p_f2=1&p_f3=1&p_f4=1&cond40=1&cond41=1&&his=sw,
145,セブン-イレブン ハートインＪＲ京都駅中央改札口店,Seven-Eleven Heart Inn JR Kyoto Station Central Ticket Gate,,,コンビニ・スーパー,コンビニ,convenience store,,京都,"コンビニ,売店",,京都府京都市下京区烏丸通塩小路下ル東塩小路町,075-371-7027,内,外,,"1,56,40",,0630,0000,0630,0000,0630,0000,0630,0000,0630,0000,0630,0000,0630,0000,http://www.e-map.ne.jp/p/711map/dtl/385365/?&p_s1=40000&p_f2=1&p_f3=1&p_f4=1&cond40=1&cond41=1&&his=sw,
146,セブン-イレブン ハートインＪＲ京都駅東口改札内店,Seven-Eleven Heart Inn JR Kyoto Station East Entrance Ticket Entrance,,,コンビニ・スーパー,コンビニ,convenience store,,京都,"コンビニ,売店",,京都府京都市下京区塩小路下ル東塩小路町 烏丸通,075-354-4720,内,内,,"1,63,62",,0630,2330,0630,2330,0630,2330,0630,2330,0630,2330,0630,2330,0630,2330,http://www.e-map.ne.jp/p/711map/dtl/367960/?&p_s1=40000&p_f2=1&p_f3=1&p_f4=1&cond40=1&cond41=1&&his=sw,
147,セブン-イレブン ハートイン京都地下鉄京都駅南口店,Seven-Eleven Heart Inn Kyoto Subway Kyoto Station South Entrance,,,コンビニ・スーパー,コンビニ,convenience store,,京都,"コンビニ,売店",,京都府京都市下京区東塩小路高倉町地先,075-352-3563,内,外,,"b2,79,66",,0630,2300,0630,2300,0630,2300,0630,2300,0630,2300,0630,2300,0630,2300,http://www.e-map.ne.jp/p/711map/dtl/403637/?&p_s1=40000&p_f2=1&p_f3=1&p_f4=1&cond40=1&cond41=1&&his=sw,
148,セブン-イレブン キヨスクＪＲ京都駅2番のりば店,Seven-Eleven Kiosk JR Kyoto Station Platform 2,,,コンビニ・スーパー,売店,shop,,京都,売店,,京都府京都市下京区烏丸通塩小路下ル東塩小路町,-,内,内,,"1,60,53",,0630,2130,0630,2130,0630,2130,0630,2130,0630,2130,0630,2130,0630,2130,http://www.e-map.ne.jp/p/711map/dtl/401762/?&p_s1=40000&p_f2=1&p_f3=1&p_f4=1&cond40=1&cond41=1&&his=sw,
149,セブン-イレブン キヨスクＪＲ京都駅4番のりば店,Seven-Eleven Kiosk JR Kyoto Station Platform 4,,,コンビニ・スーパー,売店,shop,,京都,売店,,京都府京都市下京区烏丸通塩小路下ル東塩小路町,-,内,内,,"1,60,59",,0630,2130,0630,2130,0630,2130,0630,2130,0630,2130,0630,2130,0630,2130,http://www.e-map.ne.jp/p/711map/dtl/405317/?&p_s1=40000&p_f2=1&p_f3=1&p_f4=1&cond40=1&cond41=1&&his=sw,
150,セブン-イレブン キヨスクＪＲ京都駅30番のりば店,Seven-Eleven Kiosk JR Kyoto Station No. 30 bus stop,,,コンビニ・スーパー,売店,shop,,京都,売店,,京都府京都市下京区烏丸通塩小路下ル東塩小路町,-,内,内,,"1,30,49",,0700,2000,0700,2000,0700,2000,0700,2000,0700,2000,0700,2000,0700,2000,http://www.e-map.ne.jp/p/711map/dtl/399404/?&p_s1=40000&p_f2=1&p_f3=1&p_f4=1&cond40=1&cond41=1&&his=sw,
151,ファミリーマート京都駅前店,Family Mart Kyoto Ekimae,,,コンビニ・スーパー,コンビニ,convenience store,,京都,"コンビニ,ファミリーマート",,京都府京都市下京区東塩小路町849,075-353-0567,外,外,,"1,95,18",,0000,0000,0000,0000,0000,0000,0000,0000,0000,0000,0000,0000,0000,0000,http://as.chizumaru.com/famima/detailMap?account=famima&bid=36370,
152,（構外）ローソン 京都駅東塩小路店,Lawson Kyoto Station Higashi Shiokoji,,,コンビニ・スーパー,コンビニ,convenience store,,京都,"コンビニ,ローソン",,京都府京都市下京区東塩小路町558-8,075-344-3965,外,外,,,,0000,0000,0000,0000,0000,0000,0000,0000,0000,0000,0000,0000,0000,0000,https://www.e-map.ne.jp/p/lawson/dtl/190532/,
153,（構外）セブン-イレブン京都東洞院七条店,Seven-Eleven Kyoto Higashinotoin Shichijo,,,コンビニ・スーパー,コンビニ,convenience store,,京都,コンビニ,,京都府京都市下京区 東洞院通七条下ル塩小路町523,075-351-5132,外,外,,,,0000,0000,0000,0000,0000,0000,0000,0000,0000,0000,0000,0000,0000,0000,http://www.e-map.ne.jp/p/711map/dtl/126592/?&p_s1=40000&p_f2=1&p_f3=1&p_f4=1&cond40=1&cond41=1&&his=sw,
154,（構外）ファミリーマート京都タワー前店,Family Mart Kyoto Tower Mae,,,コンビニ・スーパー,コンビニ,convenience store,,京都,"コンビニ,ファミリーマート",,京都府京都市下京区東洞院通七条 下る二丁目東塩小路町730,075-353-7017,外,外,,,,0000,0000,0000,0000,0000,0000,0000,0000,0000,0000,0000,0000,0000,0000,http://as.chizumaru.com/famima/detailMap?account=famima&bid=36520,
155,（構外）ローソン 烏丸七条店,Lawson Karasuma Shichijo,,,コンビニ・スーパー,コンビニ,convenience store,,京都,"コンビニ,ローソン",,京都府京都市下京区七条通烏丸東入真苧屋町195,075-344-1557,外,外,,,,0000,0000,0000,0000,0000,0000,0000,0000,0000,0000,0000,0000,0000,0000,https://www.e-map.ne.jp/p/lawson/dtl/020468/?&his=cb,
156,ローソン 新京都センタービル店,Lawson New Kyoto Center Building,,,コンビニ・スーパー,コンビニ,convenience store,,京都,"コンビニ,ローソン",,京都府京都市下京区塩小路通烏丸西入東塩小路町614,075-344-8072,外,外,,"1,15,9",,0000,0000,0000,0000,0000,0000,0000,0000,0000,0000,0000,0000,0000,0000,https://www.e-map.ne.jp/p/lawson/dtl/166580/?&his=cb,
157,（構外）セブン-イレブン下京区役所前店,Seven-Eleven Shimogyo Kuyakushomae,,,コンビニ・スーパー,コンビニ,convenience store,,京都,コンビニ,,京都府京都市下京区木津屋橋通油小路東入南町577,075-351-0278,外,外,,,,0000,0000,0000,0000,0000,0000,0000,0000,0000,0000,0000,0000,0000,0000,http://www.e-map.ne.jp/p/711map/dtl/277813/?&p_s1=40000&p_f2=1&p_f3=1&p_f4=1&cond40=1&cond41=1&&his=sw,
158,（構外）セブン‐イレブン 京都堀川塩小路南店,Seven-Eleven Kyoto Horikawa Shiokoji Minami,,,コンビニ・スーパー,コンビニ,convenience store,,京都,コンビニ,,京都府京都市下京区西油小路町27,075-365-3107,外,外,,,,0000,0000,0000,0000,0000,0000,0000,0000,0000,0000,0000,0000,0000,0000,http://www.e-map.ne.jp/p/711map/dtl/399597/?&p_s1=40000&p_f2=1&p_f3=1&p_f4=1&cond40=1&cond41=1&&his=sw,
159,ファミリーマート近鉄京都駅３番ホーム前店,Family Mart Kintetsu Kyoto Station Platform 3,,,コンビニ・スーパー,コンビニ,convenience store,,京都,"コンビニ,ファミリーマート",,京都府京都市下京区東塩小路釜殿町31-1,075-693-8109,内,内,,"2,39,72",,0600,2230,0600,2230,0600,2230,0600,2230,0600,2230,0600,2230,0600,2230,http://as.chizumaru.com/famima/detailMap?account=famima&bid=36673,
160,ファミリーマート 近鉄京都駅店,Family Mart Kintetsu Kyoto Station,,,コンビニ・スーパー,コンビニ,convenience store,,京都,"コンビニ,ファミリーマート",,京都府京都市下京区東塩小路釜殿町31-1 近鉄京都駅構内,075-694-1176,内,内,,"2,31,76",,0600,2400,0600,2400,0600,2400,0600,2400,0600,2400,0600,2400,0600,2400,http://as.chizumaru.com/famima/detailMap?account=famima&accmd=0&bid=77888&c2=1&kkw001=%E3%83%95%E3%82%A1%E3%83%9F%E3%83%AA%E3%83%BC%E3%83%9E%E3%83%BC%E3%83%88+%E8%BF%91%E9%89%84%E4%BA%AC%E9%83%BD%E9%A7%85%E5%BA%97&pgret=2,
161,（構外）ローソン 京都駅八条口店,Lawson Kyoto Station Hachijoguchi,,,コンビニ・スーパー,コンビニ,convenience store,,京都,"コンビニ,ローソン",,京都府京都市南区西九条北ノ内町42-14,075-691-1883,外,外,,,,0000,0000,0000,0000,0000,0000,0000,0000,0000,0000,0000,0000,0000,0000,https://www.e-map.ne.jp/p/lawson/dtl/292333/?&his=cb,
162,（構外）セブン-イレブン 京都駅八条口,Seven-Eleven Kyoto Station Hachijo Exit,,,コンビニ・スーパー,コンビニ,convenience store,,京都,コンビニ,,京都府京都市下京区東塩小路釜殿町31-1,075-671-5677,外,外,,,,0000,0000,0000,0000,0000,0000,0000,0000,0000,0000,0000,0000,0000,0000,http://www.e-map.ne.jp/p/711map/dtl/253882/?&p_s1=40000&p_f2=1&p_f3=1&p_f4=1&cond40=1&cond41=1&&his=sw,
163,（構外）セブン-イレブン 京都八条通東店,Seven-Eleven Kyoto Hachijo-dori Higashi,,,コンビニ・スーパー,コンビニ,convenience store,,京都,コンビニ,,京都府京都市南区東九条西岩本町16,075-681-1007,外,外,,,,0000,0000,0000,0000,0000,0000,0000,0000,0000,0000,0000,0000,0000,0000,http://www.e-map.ne.jp/p/711map/dtl/374829/?&p_s1=40000&p_f2=1&p_f3=1&p_f4=1&cond40=1&cond41=1&&his=sw,
164,セブン-イレブン ７ＦＳ京阪バス京都駅八条口店,Seven-Eleven 7FS Keihan Bus Kyoto Eki Hachijoguchi,,,コンビニ・スーパー,コンビニ,convenience store,,京都,コンビニ,,京都府京都市南区東九条西山王町31,075-692-3510,外,外,,"1,92,96",,0600,2300,0600,2300,0600,2300,0600,2300,0600,2300,0600,2300,0600,2300,http://www.e-map.ne.jp/p/711map/dtl/363429/?&p_s1=40000&p_f2=1&p_f3=1&p_f4=1&cond40=1&cond41=1&&his=sw,
165,（構外）ローソン 竹田街道針小路店,Lawson Takeda-kaido Hari-koji,,,コンビニ・スーパー,コンビニ,convenience store,,京都,"コンビニ,ローソン",,京都府京都市南区東九条西山王町11,075-662-0633,外,外,,,,0000,0000,0000,0000,0000,0000,0000,0000,0000,0000,0000,0000,0000,0000,https://www.e-map.ne.jp/p/lawson/dtl/220150/?&his=cb,
166,（構外）デイリーヤマザキ烏丸八条口店,Daily Yamazaki Karasuma Hachijoguchi,,,コンビニ・スーパー,コンビニ,convenience store,,京都,コンビニ,,京都府京都市南区東九条西山王町16,075-681-7647,外,外,,,,0000,0000,0000,0000,0000,0000,0000,0000,0000,0000,0000,0000,0000,0000,,
167,（構外）ファミリーマート 烏丸八条口店,Family Mart Karasuma Hachijoguchi,,,コンビニ・スーパー,コンビニ,convenience store,,京都,"コンビニ,ファミリーマート",,京都府京都市南区東九条上殿田町 41-1,075-693-7413,外,外,,,,0000,0000,0000,0000,0000,0000,0000,0000,0000,0000,0000,0000,0000,0000,http://as.chizumaru.com/famima/detailMap?account=famima&accmd=0&bid=30489&c2=1&kkw001=%E7%83%8F%E4%B8%B8%E5%85%AB%E6%9D%A1%E5%8F%A3%E5%BA%97&pgret=2,
168,牛たん 伊之助,Gyutan Inosuke,,,レストラン・お食事,飲食店,restaurant,THE CUBE 11F,京都,"飲食店,レストラン,和食,日本食,肉料理",,京都市下京区烏丸通塩小路下ル東塩小路町901 京都駅ビル,075-353-5618,内,外,分煙,"11,41,49",,1100,2200,1100,2200,1100,2200,1100,2200,1100,2200,1100,2200,1100,2200,https://www.create-restaurants.co.jp/shop/index.php?controller=FrontCrShop&action=shop_show&id=1077&lang=ja,
169,先斗入ル,Pontoiru,,,レストラン・お食事,居酒屋・創作料理,restaurant,THE CUBE 11F,京都,"飲食店,レストラン,創作料理",,京都市下京区烏丸通塩小路下ル東塩小路町901 京都駅ビル,075-365-8740,内,外,分煙,"11,39,49",,1100,2200,1100,2200,1100,2200,1100,2200,1100,2200,1100,2200,1100,2200,http://www.pontoiru.com/,
170,京料理 栄寿庵,Kyoto Cuisine Eijuan,,,レストラン・お食事,日本食・寿司,restaurant,THE CUBE 11F,京都,"飲食店,レストラン,日本食",,京都市下京区烏丸通塩小路下ル東塩小路町901 京都駅ビル,075-343-8108,内,外,禁煙,"11,34,49",,1100,2200,1100,2200,1100,2200,1100,2200,1100,2200,1100,2200,1100,2200,http://www.kyoto-hatoya.co.jp/restaurant/eijuan,
171,八丁味處 串の坊,KUSHINOBOU,,,レストラン・お食事,居酒屋・創作料理,restaurant,THE CUBE 11F,京都,"飲食店,レストラン,日本食",,京都市下京区烏丸通塩小路下ル東塩小路町901 京都駅ビル,075-365-8734,内,外,禁煙,"11,30,49",,1100,2200,1100,2200,1100,2200,1100,2200,1100,2200,1100,2200,1100,2200,http://www.thecube.co.jp/shop/117,ザキューブのページ
172,京都ことこと,Kyoto simmers.,,,レストラン・お食事,日本食・寿司,restaurant,THE CUBE 11F,京都,"飲食店,レストラン,日本食,創作料理",,京都市下京区烏丸通塩小路下ル東塩小路町901 京都駅ビル,075-365-8733,内,外,禁煙,"11,40,46",,1100,2200,1100,2200,1100,2200,1100,2200,1100,2200,1100,2200,1100,2200,http://www.thecube.co.jp/shop/161,ザキューブのページ
173,名代とんかつ かつくら,Katsukura,,,レストラン・お食事,日本食・寿司,restaurant,THE CUBE 11F,京都,"飲食店,レストラン,肉料理,日本食",,京都市下京区烏丸通塩小路下ル東塩小路町901 京都駅ビル,075-365-8666,内,外,禁煙,"11,32,48",,1100,2200,1100,2200,1100,2200,1100,2200,1100,2200,1100,2200,1100,2200,http://www.thecube.co.jp/shop/122,ザキューブのページ
174,キッチン ゴン,Kitchen Gon,,,レストラン・お食事,レストラン,restaurant,THE CUBE 11F,京都,"飲食店,レストラン,日本食",,京都市下京区烏丸通塩小路下ル東塩小路町901 京都駅ビル,075-352-9528,内,外,禁煙,"11,37,49",,1100,2200,1100,2200,1100,2200,1100,2200,1100,2200,1100,2200,1100,2200,http://www.thecube.co.jp/shop/149,ザキューブのページ
175,京・四条 田ごと,Kyoto TAGOTO,,,レストラン・お食事,日本食・寿司,restaurant,THE CUBE 11F,京都,"飲食店,レストラン,寿司,日本食,創作料理",,京都市下京区烏丸通塩小路下ル東塩小路町901 京都駅ビル,075-365-8729,内,外,禁煙,"11,36,47",,1100,2200,1100,2200,1100,2200,1100,2200,1100,2200,1100,2200,1100,2200,http://www.thecube.co.jp/shop/114,ザキューブのページ
176,京都 錦わらい,Kyoto Brocade smile.,,,レストラン・お食事,日本食・寿司,restaurant,THE CUBE 11F,京都,"飲食店,レストラン,日本食",,京都市下京区烏丸通塩小路下ル東塩小路町901 京都駅ビル,075-354-7797,内,外,禁煙,"11,38,46",,1100,2200,1100,2200,1100,2200,1100,2200,1100,2200,1100,2200,1100,2200,http://www.thecube.co.jp/shop/115,ザキューブのページ
177,ヴィ・ド・フランス,VI DO and France,,,カフェ・スイーツ,カフェ・スイーツ,restaurant,THE CUBE B2F,京都,喫茶店,,京都市下京区烏丸通塩小路下ル東塩小路町901 京都駅ビル,075-365-8670,内,外,禁煙,"b2,56,42",,0730,2100,0730,2100,0730,2100,0730,2100,0730,2100,0730,2100,0730,2100,http://www.thecube.co.jp/shop/144,ザキューブのページ
178,ジェラート ピケ カフェ ビオ コンセプト,Gelato A picket A cafe Biot Concept.,,,カフェ・スイーツ,カフェ・スイーツ,restaurant,THE CUBE B2F,京都,喫茶店,,京都市下京区烏丸通塩小路下ル東塩小路町901 京都駅ビル,075-746-5119,内,外,禁煙,"b2,54,42",,1000,2000,1000,2000,1000,2000,1000,2000,1000,2000,1000,2100,1000,2100,http://www.thecube.co.jp/shop/172,ザキューブのページ
179,葵茶屋,"Bamboo plate dish ""Aoi-jaya""",,,レストラン・お食事,日本食・寿司,restaurant,ジェイアール京都伊勢丹11F,京都,"飲食店,レストラン,日本食",,京都府京都市下京区烏丸通塩小路下ル東塩小路町,075-352-6233,内,外,禁煙,"11,14,43",,1100,2200,1100,2200,1100,2200,1100,2200,1100,2200,1100,2200,1100,2200,https://www.kyoto-station-building.co.jp/restaurant_cafe/264.html,京都駅ビルのページ
180,和幸,"Fried pork cutlet ""Wako""",,,レストラン・お食事,日本食・寿司,restaurant,ジェイアール京都伊勢丹11F,京都,"飲食店,レストラン,日本食,創作料理,肉料理",,京都府京都市下京区烏丸通塩小路下ル東塩小路町,075-342-0024,内,外,禁煙,"11,17,44",,1100,2200,1100,2200,1100,2200,1100,2200,1100,2200,1100,2200,1100,2200,http://www.wako-group.co.jp/shop/detail/2077,
181,京都和久傳,"Kyoto style food ""Kyoto Wakuden""",,,レストラン・お食事,日本食・寿司,restaurant,ジェイアール京都伊勢丹11F,京都,"飲食店,レストラン,日本食,創作料理",,京都府京都市下京区烏丸通塩小路下ル東塩小路町,075-365-1000,内,外,禁煙,"11,19,44",,1100,2200,1100,2200,1100,2200,1100,2200,1100,2200,1100,2200,1100,2200,http://www.wakuden.jp/ryotei/kyoto/,
182,モレット,"Egg dish ""Mollette""",,,レストラン・お食事,レストラン,restaurant,ジェイアール京都伊勢丹11F,京都,"飲食店,レストラン,創作料理",,京都府京都市下京区烏丸通塩小路下ル東塩小路町,075-352-6255,内,外,禁煙,"11,21,44",,1100,2200,1100,2200,1100,2200,1100,2200,1100,2200,1100,2200,1100,2200,https://www.kyoto-station-building.co.jp/restaurant_cafe/267.html,京都駅ビルのページ
183,アンティカフェ,"Italian food ""ante Cafe""",,,カフェ・スイーツ,カフェ・スイーツ,restaurant,ジェイアール京都伊勢丹11F,京都,"喫茶店,スイーツ",,京都府京都市下京区烏丸通塩小路下ル東塩小路町,075-342-0025,内,外,禁煙,"11,24,43",,1100,2200,1100,2200,1100,2200,1100,2200,1100,2200,1100,2200,1100,2200,http://www.touyoutei.co.jp/shop_post/isetan/,
184,點心茶室,"Chinese food ""Tenshin-Chashitsu""",,,レストラン・お食事,中華・アジアン,restaurant,ジェイアール京都伊勢丹11F,京都,"飲食店,レストラン,中華",,京都府京都市下京区烏丸通塩小路下ル東塩小路町,075-352-6262,内,外,禁煙,"11,13,46",,1100,2200,1100,2200,1100,2200,1100,2200,1100,2200,1100,2200,1100,2200,https://www.weishin.co.jp/shop/index/7,
185,美々卯,"Noodles and soba ""Mimiu""",,,レストラン・お食事,日本食・寿司,restaurant,ジェイアール京都伊勢丹11F,京都,"飲食店,レストラン,日本食,丼",,京都府京都市下京区烏丸通塩小路下ル東塩小路町,075-342-0012,内,外,禁煙,"11,17,46",,1100,2200,1100,2200,1100,2200,1100,2200,1100,2200,1100,2200,1100,2200,http://www.mimiu.co.jp/restaurant/kyoto_isetan/,
186,天一,"Tempura ""Ten-ichi""",,,レストラン・お食事,日本食・寿司,restaurant,ジェイアール京都伊勢丹11F,京都,"飲食店,レストラン,日本食,丼",,京都府京都市下京区烏丸通塩小路下ル東塩小路町,075-352-5371,内,外,禁煙,"11,20,46",,1100,2200,1100,2200,1100,2200,1100,2200,1100,2200,1100,2200,1100,2200,http://www.tenichi.co.jp/index.html,
187,西櫻亭,"Western food ""Sei-oh-tei""",,,レストラン・お食事,レストラン,restaurant,ジェイアール京都伊勢丹11F,京都,"飲食店,レストラン",,京都府京都市下京区烏丸通塩小路下ル東塩小路町,075-352-2337,内,外,,"11,21,46",,1100,2200,1100,2200,1100,2200,1100,2200,1100,2200,1100,2200,1100,2200,https://www.kyoto-station-building.co.jp/restaurant_cafe/272.html,京都駅ビルのページ
188,神戸カプチーノ倶楽部,"Open-air cafe ""Kobe Cappuccino Club""",,,カフェ・スイーツ,カフェ・スイーツ,restaurant,ジェイアール京都伊勢丹11F,京都,"喫茶店,スイーツ",,京都府京都市下京区烏丸通塩小路下ル東塩小路町,075-352-6259,内,外,禁煙,"11,25,48",,1000,2200,1000,2200,1000,2200,1000,2200,1000,2200,1000,2200,1000,2200,https://shop.ufs.co.jp/ufs/spot/detail?code=1020,
189,美菜莉,South Korea home cooking MINARI.,,,レストラン・お食事,中華・アジアン,restaurant,ジェイアール京都伊勢丹11F,京都,"飲食店,レストラン,居酒屋,肉料理",,京都府京都市下京区烏丸通塩小路下ル東塩小路町,075-746-5205,内,外,禁煙,"11,27,47",,1100,2200,1100,2200,1100,2200,1100,2200,1100,2200,1100,2200,1100,2200,https://www.kyoto-station-building.co.jp/restaurant_cafe/274.html,京都駅ビルのページ
190,京豆腐不二乃,"Tofu dish ""Kyotofu Fujino""",,,レストラン・お食事,日本食・寿司,restaurant,ジェイアール京都伊勢丹11F,京都,"飲食店,レストラン,日本食,創作料理",,京都府京都市下京区烏丸通塩小路下ル東塩小路町,075-352-5401,内,外,禁煙,"11,32,41",,1100,2200,1100,2200,1100,2200,1100,2200,1100,2200,1100,2200,1100,2200,https://www.kyotofu.co.jp/shoplist/isetan,
191,築地寿司清,"Sushi ""Tsukiji Sushisei""",,,レストラン・お食事,日本食・寿司,restaurant,ジェイアール京都伊勢丹11F,京都,"飲食店,レストラン,日本食,寿司",,京都府京都市下京区烏丸通塩小路下ル東塩小路町,075-352-6223,内,外,分煙,"11,37,40",,1100,2200,1100,2200,1100,2200,1100,2200,1100,2200,1100,2200,1100,2200,http://www.tsukijisushisay.co.jp/store/i_kyoto.html,
192,モリタ屋,"Quick Meat and Vegetable Stew, Shabu Shabu and oil baking ""Moritaya""",,,レストラン・お食事,グリル（肉・魚）,restaurant,ジェイアール京都伊勢丹11F,京都,"飲食店,レストラン,日本食,肉料理",,京都府京都市下京区烏丸通塩小路下ル東塩小路町,075-365-7788,内,外,分煙,"11,40,38",,1100,2200,1100,2200,1100,2200,1100,2200,1100,2200,1100,2200,1100,2200,http://www.moritaya-net.com/restaurant/k_jr_isetan.html,
193,松山閣,"Sheet of dried soybean casein and capital rape in season ""Shozankaku""",,,レストラン・お食事,日本食・寿司,restaurant,ジェイアール京都伊勢丹11F,京都,"飲食店,レストラン,日本食,創作料理",,京都府京都市下京区烏丸通塩小路下ル東塩小路町,075-342-0070,内,外,禁煙,"11,45,38",,1100,2200,1100,2200,1100,2200,1100,2200,1100,2200,1100,2200,1100,2200,http://www.shozankaku.jp/isetan/,
194,ラバロックグリル テルメキョウト,Lava Rock Grill TERME KYOTO,,,レストラン・お食事,グリル（肉・魚）,restaurant,ジェイアール京都伊勢丹7F,京都,"飲食店,レストラン,日本食,肉料理",,京都府京都市下京区烏丸通塩小路下ル東塩小路町,075-606-5454,内,外,禁煙,"7,40,37",,1100,2200,1100,2200,1100,2200,1100,2200,1100,2200,1100,2200,1100,2200,https://lavarockgrilltermekyoto.owst.jp/,
195,加賀屋,"Open view restaurant ""Kagaya""",,,レストラン・お食事,日本食・寿司,restaurant,ジェイアール京都伊勢丹8F,京都,"飲食店,レストラン,日本食,創作料理",,京都府京都市下京区烏丸通塩小路下ル東塩小路町,075-342-0022,内,外,禁煙,"8,40,38",,1100,2300,1100,2300,1100,2300,1100,2300,1100,2300,1100,2300,1100,2300,http://www.kagaya.co.jp/shoku/shop/shop.php?shop=kyoto,
196,市場小路,"Open view restaurant ""Ichiba Koji""",,,レストラン・お食事,居酒屋・創作料理,restaurant,ジェイアール京都伊勢丹9F,京都,"飲食店,レストラン,創作料理,日本食,ダイニングバー",,京都府京都市下京区烏丸通塩小路下ル東塩小路町,075-365-3388,内,外,禁煙,"9,40,38",,1100,2300,1100,2300,1100,2300,1100,2300,1100,2300,1100,2300,1100,2300,http://www.star-kyoto.co.jp/restaurant/shop-1/,
197,ザキッチン サルヴァトーレ・クオモ,"Open view restaurant ""the Kitchen Salvatore and KUOMO""",,,レストラン・お食事,イタリアン・フレンチ,restaurant,ジェイアール京都伊勢丹10F,京都,"飲食店,レストラン,イタリアン,創作料理",,京都府京都市下京区烏丸通塩小路下ル東塩小路町,075-365-7765,内,外,分煙,"10,40,38",,1100,1600,1100,1600,1100,1600,1100,1600,1100,1600,1100,1600,1100,1600,http://www.kitchensalvatore.jp/kyoto/index.html,
198,炭火串焼きこけこっこ,"Open view restaurant ""charcoal spit-roasted KOKEKOKKO""",,,レストラン・お食事,日本食・寿司,restaurant,ジェイアール京都伊勢丹10F,京都,"飲食店,レストラン,日本食,創作料理",,京都府京都市下京区烏丸通塩小路下ル東塩小路町,075-365-3390,内,外,分煙,"10,46,38",,1100,1600,1100,1600,1100,1600,1100,1600,1100,2300,1100,1630,1100,1600,http://www.koke-kokko.jp/kyoto/,
199,柿安三尺三寸箸,"Open view restaurant ""Kakiyasu Sanjaku sanzunbashi""",,,レストラン・お食事,レストラン,restaurant,ジェイアール京都伊勢丹10F,京都,"飲食店,レストラン",,京都府京都市下京区烏丸通塩小路下ル東塩小路町,075-353-8960,内,外,禁煙,"10,38,39",,1100,1700,1100,1600,1100,1600,1100,1600,1100,1600,1100,2300,1100,1700,https://www.kakiyasuhonten.co.jp/store/detail.php?id=42,
200,カントリーハウス英國屋,Country House Eikokuya,,,レストラン・お食事,レストラン,restaurant,ジェイアール京都伊勢丹3F,京都,"飲食店,レストラン,喫茶店",,京都府京都市下京区烏丸通塩小路下ル東塩小路町,075-352-5460,内,外,分煙,"3,48,41",,0800,2000,0800,2000,0800,2000,0800,2000,0800,2000,0800,2000,0800,2000,http://www.cafe-eikokuya.jp/index.html,
201,フラッグスカフェ,FLAGS Cafe,,,カフェ・スイーツ,カフェ・スイーツ,restaurant,ジェイアール京都伊勢丹4F,京都,喫茶店,,京都府京都市下京区烏丸通塩小路下ル東塩小路町,075-342-2081,内,外,分煙,"4,41,36",,1000,2000,1000,2000,1000,2000,1000,2000,1000,2000,1000,2000,1000,2000,http://www.flags.jp/flagscafe/,
202,ブラウニーズクラブ,Brownies Club,,,カフェ・スイーツ,カフェ・スイーツ,restaurant,ジェイアール京都伊勢丹5F,京都,"喫茶店,スイーツ",,京都府京都市下京区烏丸通塩小路下ル東塩小路町,075-352-5369,内,外,禁煙,"5,42,46",,1000,2000,1000,2000,1000,2000,1000,2000,1000,2000,1000,2000,1000,2000,http://www.foodforesta.com/cafe-browniesclub/,
203,マールブランシュ,MALEBRANCHE,,,カフェ・スイーツ,カフェ・スイーツ,restaurant,ジェイアール京都伊勢丹6F,京都,"喫茶店,スイーツ",,京都府京都市下京区烏丸通塩小路下ル東塩小路町,075-343-2727,内,外,禁煙,"6,40,37",,1000,2000,1000,2000,1000,2000,1000,2000,1000,2000,1000,2000,1000,2000,http://www.malebranche.co.jp/,
204,茶寮都路里,Saryo Tsujiri,,,カフェ・スイーツ,カフェ・スイーツ,restaurant,ジェイアール京都伊勢丹6F,京都,"喫茶店,スイーツ",,京都府京都市下京区烏丸通塩小路下ル東塩小路町,075-352-6622,内,外,禁煙,"6,39,36",,1000,2000,1000,2000,1000,2000,1000,2000,1000,2000,1000,2000,1000,2000,http://www.giontsujiri.co.jp/saryo/store/kyoto_isetan/,
205,はしたて,Hashitate,,,レストラン・お食事,ラーメン・丼,restaurant,JR西口改札前イートパラダイス,京都,"飲食店,レストラン,丼,日本食",,京都市下京区烏丸通塩小路下ル東塩小路町,075-343-4440,内,外,禁煙,"3,43,66",,1100,2200,1100,2200,1100,2200,1100,2200,1100,2200,1100,2200,1100,2200,http://www.wakuden.jp/tenpo-hashitate/,
206,中村藤吉本店 京都駅店,Nakamura Tokichi honten,,,レストラン・お食事,日本食・寿司,restaurant,JR西口改札前イートパラダイス,京都,"飲食店,レストラン",,京都市下京区烏丸通塩小路下ル東塩小路町,075-352-1111,内,外,禁煙,"3,40,60",,1100,2200,1100,2200,1100,2200,1100,2200,1100,2200,1100,2200,1100,2200,https://www.tokichi.jp/stores/map_kyoto.html,
207,オステリア サクラ,Osteria SAKURA,,,レストラン・お食事,イタリアン・フレンチ,restaurant,JR西口改札前イートパラダイス,京都,"飲食店,レストラン",,京都市下京区烏丸通塩小路下ル東塩小路町,075-342-3070,内,外,禁煙,"3,43,60",,1100,2200,1100,2200,1100,2200,1100,2200,1100,2200,1100,2200,1100,2200,http://www.osteria-sakura.jp/,
208,白樺山荘,Sapporo Shirakaba Sansou,,,レストラン・お食事,ラーメン・丼,restaurant,京都駅ビル10階,京都,"飲食店,レストラン,ラーメン",,京都府 京都市下京区烏丸通 塩小路下ル東塩小路町901,075-352-5155,内,外,,"10,40,49",,1100,2200,1100,2200,1100,2200,1100,2200,1100,2200,1100,2200,1100,2200,http://shirakaba-sansou.com/index.php,
209,東横,Niigata Touyoko,,,レストラン・お食事,ラーメン・丼,restaurant,京都駅ビル10階,京都,"飲食店,レストラン,ラーメン",,京都府 京都市下京区烏丸通 塩小路下ル東塩小路町901,075-343-3232,内,外,,"10,31,48",,1100,2200,1100,2200,1100,2200,1100,2200,1100,2200,1100,2200,1100,2200,http://www.touyoko.jp/cms/,
210,大勝軒,Tokyo Higashi-Ikebukuro Taishoken,,,レストラン・お食事,ラーメン・丼,restaurant,京都駅ビル10階,京都,"飲食店,レストラン,ラーメン",,京都府 京都市下京区烏丸通 塩小路下ル東塩小路町901,075-365-5066,内,外,,"10,37,47",,1100,2200,1100,2200,1100,2200,1100,2200,1100,2200,1100,2200,1100,2200,http://www.tai-sho-ken.com/top.html,
211,阪内食堂,Fukushima Kitakata Ramen Bannai-Shokudo,,,レストラン・お食事,ラーメン・丼,restaurant,京都駅ビル10階,京都,"飲食店,レストラン,ラーメン",,京都府 京都市下京区烏丸通 塩小路下ル東塩小路町901,075-365-5070,内,外,,"10,41,46",,1100,2200,1100,2200,1100,2200,1100,2200,1100,2200,1100,2200,1100,2200,http://ban-nai.com/store_page/b74/b74index.htm,
212,麺屋いろは,Toyama Men-ya Iroha,,,レストラン・お食事,ラーメン・丼,restaurant,京都駅ビル10階,京都,"飲食店,レストラン,ラーメン",,京都府 京都市下京区烏丸通 塩小路下ル東塩小路町901,075-351-5933,内,外,,"10,35,49",,1100,2200,1100,2200,1100,2200,1100,2200,1100,2200,1100,2200,1100,2200,https://www.menya-iroha.com/,
213,ますたに,Kyoto Ginkakuji Masutani,,,レストラン・お食事,ラーメン・丼,restaurant,京都駅ビル10階,京都,"飲食店,レストラン,ラーメン",,京都府 京都市下京区烏丸通 塩小路下ル東塩小路町901,075-365-2077,内,外,,"10,42,47",,1100,2200,1100,2200,1100,2200,1100,2200,1100,2200,1100,2200,1100,2200,https://www.kyoto-ramen-koji.com/shop/shop06.html,京都拉麺小路のページ
214,きんせい,kinsei,,,レストラン・お食事,ラーメン・丼,restaurant,京都駅ビル10階,京都,"飲食店,レストラン,ラーメン",,京都府 京都市下京区烏丸通 塩小路下ル東塩小路町901,075-341-5022,内,外,,"10,41,49",,1100,2200,1100,2200,1100,2200,1100,2200,1100,2200,1100,2200,1100,2200,https://www.kyoto-ramen-koji.com/shop/shop12.html,京都拉麺小路のページ
215,ラーメン東大,Tokushima Ramen Todai,,,レストラン・お食事,ラーメン・丼,restaurant,京都駅ビル10階,京都,"飲食店,レストラン,ラーメン",,京都府 京都市下京区烏丸通 塩小路下ル東塩小路町901,075-344-3802,内,外,,"10,36,49",,1100,2200,1100,2200,1100,2200,1100,2200,1100,2200,1100,2200,1100,2200,http://ramen-todai.com/,
216,博多一幸舎,Hakata Hakata Ikkousha,,,レストラン・お食事,ラーメン・丼,restaurant,京都駅ビル10階,京都,"飲食店,レストラン,ラーメン",,京都府 京都市下京区烏丸通 塩小路下ル東塩小路町901,075-361-0739,内,外,,"10,40,47",,1100,2200,1100,2200,1100,2200,1100,2200,1100,2200,1100,2200,1100,2200,https://www.ikkousha.com/,
217,グリルキャピタル 東洋亭,Grill capital Oriental bower,,,レストラン・お食事,グリル（肉・魚）,restaurant,京都駅前地下街ポルタ,京都,"飲食店,レストラン",,京都府京都市下京区烏丸通塩小路下る東塩小路町902,075-343-3222,内,外,禁煙,"b2,32,20",,1100,2200,1100,2200,1100,2200,1100,2200,1100,2200,1100,2200,1100,2200,http://www.touyoutei.co.jp/shop_post/porta/,
218,京料理 萬重,Kyoto Cuisine Manshige,,,レストラン・お食事,日本食・寿司,restaurant,京都駅前地下街ポルタ,京都,"飲食店,レストラン,和食",,京都府京都市下京区烏丸通塩小路下る東塩小路町902,075-343-3920,内,外,,"b2,36,21",,1100,2200,1100,2200,1100,2200,1100,2200,1100,2200,1100,2200,1100,2200,http://www.kyoryori-manshige.co.jp/porta/,
219,銀座ハゲ天,Ginza Hageten,,,レストラン・お食事,日本食・寿司,restaurant,京都駅前地下街ポルタ,京都,"飲食店,レストラン,和食",,京都府京都市下京区烏丸通塩小路下る東塩小路町902,075-343-3018,内,外,禁煙,"b2,37,20",,1100,2200,1100,2200,1100,2200,1100,2200,1100,2200,1100,2200,1100,2200,https://www.hageten.com/cmsapp/shop/%E4%BA%AC%E9%83%BD%E3%83%9D%E3%83%AB%E3%82%BF%E5%BA%97/,
220,こなな,Conana,,,レストラン・お食事,日本食・寿司,restaurant,京都駅前地下街ポルタ,京都,"飲食店,レストラン,和食",,京都府京都市下京区烏丸通塩小路下る東塩小路町902,075-746-5135,内,外,禁煙,"b2,39,20",,1100,2200,1100,2200,1100,2200,1100,2200,1100,2200,1100,2200,1100,2200,http://www.conana-jp.com/shoplist/kyoto-porta/,
221,洋麺屋五右衛門,Yomenya Goemon,,,レストラン・お食事,イタリアン・フレンチ,restaurant,京都駅前地下街ポルタ,京都,"飲食店,レストラン",,京都府京都市下京区烏丸通塩小路下る東塩小路町902,075-746-5950,内,外,禁煙,"b2,40,17",,1100,2200,1100,2200,1100,2200,1100,2200,1100,2200,1100,2200,1100,2200,http://www.yomenya-goemon.com/,
222,ドトールコーヒーショップ,Doutor,,,レストラン・お食事,カフェ・スイーツ,restaurant,京都駅前地下街ポルタ,京都,"飲食店,レストラン,喫茶店",,京都府京都市下京区烏丸通塩小路下る東塩小路町902,075-343-6625,内,外,分煙,"b2,40,14",,0800,2200,0800,2200,0800,2200,0800,2200,0800,2200,0800,2200,0800,2200,http://sasp.mapion.co.jp/b/doutor/info/02011812/?shopmastergyokna=1100,
223,モンテロマーノ,Monte Romano,,,レストラン・お食事,イタリアン・フレンチ,restaurant,京都駅前地下街ポルタ,京都,"飲食店,レストラン",,京都府京都市下京区烏丸通塩小路下る東塩小路町902,075-353-7260,内,外,禁煙,"b2,43,16",,1100,2200,1100,2200,1100,2200,1100,2200,1100,2200,1100,2200,1100,2200,http://www.porta.co.jp/shop/detail/52,ポルタのページ
224,スープストックトーキョー,Soup Stock Tokyo,,,レストラン・お食事,レストラン,restaurant,京都駅前地下街ポルタ,京都,"飲食店,レストラン",,京都府京都市下京区烏丸通塩小路下る東塩小路町902,075-708-2253,内,外,,"b2,43,20",,1000,2200,1000,2200,1000,2200,1000,2200,1000,2200,1000,2200,1000,2200,http://www.soup-stock-tokyo.com/store/26/1072/,
225,冨士屋,Fujiya,,,レストラン・お食事,日本食・寿司,restaurant,京都駅前地下街ポルタ,京都,"飲食店,レストラン,日本食",,京都府京都市下京区烏丸通塩小路下る東塩小路町902,075-343-2641,内,外,禁煙,"b2,44,20",,1100,2200,1100,2200,1100,2200,1100,2200,1100,2200,1100,2200,1100,2200,http://www.porta.co.jp/shop/detail/54,ポルタのページ
226,串かふぇ 凡凡屋,Kushicafe BonBonya,,,レストラン・お食事,日本食・寿司,restaurant,京都駅前地下街ポルタ,京都,"飲食店,レストラン,日本食",,京都府京都市下京区烏丸通塩小路下る東塩小路町902,075-344-3647,内,外,禁煙,"b2,46,20",,1100,2200,1100,2200,1100,2200,1100,2200,1100,2200,1100,2200,1100,2200,https://kushicafebonbonya.owst.jp/,
227,田ごと,Kyoto TAGOTO,,,レストラン・お食事,日本食・寿司,restaurant,京都駅前地下街ポルタ,京都,"飲食店,レストラン,日本食",,京都府京都市下京区烏丸通塩小路下る東塩小路町902,075-343-3921,内,外,禁煙,"b2,47,20",,1100,2200,1100,2200,1100,2200,1100,2200,1100,2200,1100,2200,1100,2200,https://www.kyoto-tagoto.co.jp/index.html,
228,めん、色いろ。いつでも、おやつ,"Men iroiro, Itsudemo Oyatsu",,,レストラン・お食事,日本食・寿司,restaurant,京都駅前地下街ポルタ,京都,"飲食店,レストラン,日本食",,京都府京都市下京区烏丸通塩小路下る東塩小路町902,075-746-5182,内,外,禁煙,"b2,50,20",,1100,2200,1100,2200,1100,2200,1100,2200,1100,2200,1100,2200,1100,2200,https://aselfishgirl.net/meniro/kyoto,
229,ワイアードカフェ,WIRED CAFE,,,レストラン・お食事,カフェ・スイーツ,restaurant,京都駅前地下街ポルタ,京都,"飲食店,レストラン,喫茶店",,京都府京都市下京区烏丸通塩小路下る東塩小路町902,075-353-5606,内,外,禁煙,"b2,52,20",,1100,2200,1100,2200,1100,2200,1100,2200,1100,2200,1100,2200,1100,2200,https://www.cafecompany.co.jp/brands/wiredcafe/kyoto/,
230,スターバックス コーヒー,Starbucks,,,レストラン・お食事,カフェ・スイーツ,restaurant,京都駅前地下街ポルタ,京都,"飲食店,レストラン,喫茶店",,京都府京都市下京区烏丸通塩小路下る東塩小路町902,075-343-2377,内,外,禁煙,"b2,65,24",,0730,2200,0730,2200,0730,2200,0730,2200,0730,2200,0730,2200,0730,2200,https://www.starbucks.co.jp/store/search/detail.php?id=225,
231,ナナズグリーンティー,nana's green tea,,,レストラン・お食事,カフェ・スイーツ,restaurant,京都駅前地下街ポルタ,京都,"飲食店,レストラン,喫茶店",,京都府京都市下京区烏丸通塩小路下る東塩小路町902,075-354‐7555,内,外,,"b2,59,23",,1000,2100,1000,2100,1000,2100,1000,2100,1000,2100,1000,2100,1000,2100,http://www.nanasgreentea.com/,
232,だし茶漬け えん,Dashi Chazuke En,,,レストラン・お食事,日本食・寿司,restaurant,京都駅前地下街ポルタ,京都,"飲食店,レストラン,日本食",,京都府京都市下京区烏丸通塩小路下る東塩小路町902,075-708-6396,内,外,禁煙,"b2,51,23",,1100,2200,1100,2200,1100,2200,1100,2200,1100,2200,1100,2200,1100,2200,http://www.dashichazuke-en.com/index.php,
233,コリアンキッチン　シジャン,Korean foods Shijan,,,レストラン・お食事,中華・アジアン,restaurant,京都駅前地下街ポルタ,京都,"飲食店,レストラン",,京都府京都市下京区烏丸通塩小路下る東塩小路町902,075-343-3260,内,外,禁煙,"b2,50,22",,1100,2200,1100,2200,1100,2200,1100,2200,1100,2200,1100,2200,1100,2200,https://www.gourmet-kineya.co.jp/search/details.php?val=2114,
234,京阿月,Kyoazuki,,,レストラン・お食事,カフェ・スイーツ,restaurant,京都駅前地下街ポルタ,京都,"飲食店,レストラン,スイーツ",,京都府京都市下京区烏丸通塩小路下る東塩小路町902,075-343-5070,内,外,分煙,"b2,47,23",,1100,2200,1100,2200,1100,2200,1100,2200,1100,2200,1100,2200,1100,2200,http://www.porta.co.jp/shop/detail/37,ポルタのページ
235,とんかつ KYK,Pork cutlet KYK,,,レストラン・お食事,日本食・寿司,restaurant,京都駅前地下街ポルタ,京都,"飲食店,レストラン,日本食",,京都府京都市下京区烏丸通塩小路下る東塩小路町902,075-343-3265,内,外,禁煙,"b2,46,23",,1100,2200,1100,2200,1100,2200,1100,2200,1100,2200,1100,2200,1100,2200,https://www.tonkatu-kyk.co.jp/storelist/detailpublic?sc=2010,
236,お好み焼き 町や。,Okonomiyaki Machiya,,,レストラン・お食事,日本食・寿司,restaurant,京都駅前地下街ポルタ,京都,"飲食店,レストラン,日本食",,京都府京都市下京区烏丸通塩小路下る東塩小路町902,075-343-3077,内,外,,"b2,44,23",,1100,2200,1100,2200,1100,2200,1100,2200,1100,2200,1100,2200,1100,2200,http://www.kobe505.co.jp/restaurant/kyoto/post_3.html,
237,味彩や,Ajisaiya,,,レストラン・お食事,日本食・寿司,restaurant,京都駅前地下街ポルタ,京都,"飲食店,レストラン,日本食",,京都府京都市下京区烏丸通塩小路下る東塩小路町902,075-342-1114,内,外,禁煙,"b2,43,23",,1100,2200,1100,2200,1100,2200,1100,2200,1100,2200,1100,2200,1100,2200,http://www.porta.co.jp/shop/detail/40,ポルタのページ
238,サー・トーマス・リプトン,Sir Thomas Lipton,,,レストラン・お食事,カフェ・スイーツ,restaurant,京都駅前地下街ポルタ,京都,"飲食店,レストラン,喫茶店,スイーツ",,京都府京都市下京区烏丸通塩小路下る東塩小路町902,075-343-3901,内,外,禁煙,"b2,39,23",,0800,2200,0800,2200,0800,2200,0800,2200,0800,2200,0800,2200,0800,2200,http://www.lipton-teahouse.jp/,
239,マルモキッチン,Marumo Kitchen,,,レストラン・お食事,ラーメン・丼,restaurant,京都駅前地下街ポルタ,京都,"飲食店,レストラン,丼",,京都府京都市下京区烏丸通塩小路下る東塩小路町902,075-746-5696,内,外,,"b2,37,24",,1100,2200,1100,2200,1100,2200,1100,2200,1100,2200,1100,2200,1100,2200,http://marumo-kitchen.com/,
240,四川餐館,Shisen Sankan,,,レストラン・お食事,中華・アジアン,restaurant,京都駅前地下街ポルタ,京都,"飲食店,レストラン,中華",,京都府京都市下京区烏丸通塩小路下る東塩小路町902,075-343-3262,内,外,,"b2,36,23",,1100,2200,1100,2200,1100,2200,1100,2200,1100,2200,1100,2200,1100,2200,http://www.porta.co.jp/shop/detail/42/1051,ポルタのページ
241,杵屋,Kineya,,,レストラン・お食事,日本食・寿司,restaurant,京都駅前地下街ポルタ,京都,"飲食店,レストラン,日本食",,京都府京都市下京区烏丸通塩小路下る東塩小路町902,075-343-2562,内,外,,"b2,34,23",,1100,2200,1100,2200,1100,2200,1100,2200,1100,2200,1100,2200,1100,2200,https://www.gourmet-kineya.co.jp/search/details.php?val=38,
242,らーめん かんじん堂 熊五郎,Ramen Kanjindo Kumagoro,,,レストラン・お食事,ラーメン・丼,restaurant,京都駅前地下街ポルタ,京都,"飲食店,レストラン,ラーメン",,京都府京都市下京区烏丸通塩小路下る東塩小路町902,075-343-3199,内,外,禁煙,"b2,33,23",,1100,2200,1100,2200,1100,2200,1100,2200,1100,2200,1100,2200,1100,2200,http://www.porta.co.jp/shop/detail/45,ポルタのページ
243,スターバックス コーヒーウエスト店,Starbucks   West,,,レストラン・お食事,カフェ・スイーツ,restaurant,京都駅前地下街ポルタ,京都,"飲食店,レストラン,喫茶店",,京都府京都市下京区烏丸通塩小路下る東塩小路町902,075-353-5531,内,外,禁煙,"b2,34,27",,0730,2200,0730,2200,0730,2200,0730,2200,0730,2200,0730,2200,0730,2200,https://www.starbucks.co.jp/store/search/detail.php?id=1199,
244,イノダコーヒ,INODA COFFEE,,,レストラン・お食事,カフェ・スイーツ,restaurant,京都駅前地下街ポルタ,京都,"飲食店,レストラン,喫茶店",,京都府京都市下京区烏丸通塩小路下る東塩小路町902,075-343-2380,内,外,禁煙,"b2,88,20",,0800,2100,0800,2100,0800,2100,0800,2100,0800,2100,0800,2100,0800,2100,https://www.inoda-coffee.co.jp/shop/poruta/,
245,近江スエヒロ京都茶屋,Omi Suehiro Kyoto,,,レストラン・お食事,日本食・寿司,restaurant,京都駅前地下街ポルタ,京都,"飲食店,レストラン,日本食",,京都府京都市下京区烏丸通塩小路下る東塩小路町902,075-354-7050,内,外,,"b2,84,20",,1100,2200,1100,2200,1100,2200,1100,2200,1100,2200,1100,2200,1100,2200,http://www.porta.co.jp/shop/detail/60,ポルタのページ
246,グランディール,Grand Deal,,,レストラン・お食事,レストラン,restaurant,京都駅前地下街ポルタ,京都,"飲食店,レストラン",,京都府京都市下京区烏丸通塩小路下る東塩小路町902,075-746-6618,内,外,,"b2,80,20",,0800,2100,0800,2100,0800,2100,0800,2100,0800,2100,0800,2100,0800,2100,http://grandir-kyoto.jp/shop01/208.html,
247,味味香,Mimikou,,,レストラン・お食事,日本食・寿司,restaurant,京都駅前地下街ポルタ,京都,"飲食店,レストラン,日本食",,京都府京都市下京区烏丸通塩小路下る東塩小路町902,075-352-3322,内,外,禁煙,"b2,80,22",,1100,2200,1100,2200,1100,2200,1100,2200,1100,2200,1100,2200,1100,2200,http://www.mimikou.jp,ポルタのページ
248,北極星,Hokkyokusei,,,レストラン・お食事,日本食・寿司,restaurant,京都駅前地下街ポルタ,京都,"飲食店,レストラン,日本食",,京都府京都市下京区烏丸通塩小路下る東塩小路町902,075-585-5459,内,外,,"b2,82,22",,1100,2200,1100,2200,1100,2200,1100,2200,1100,2200,1100,2200,1100,2200,http://www.porta.co.jp/shop/detail/67,ポルタのページ
249,一風堂,Ippudo,,,レストラン・お食事,ラーメン・丼,restaurant,京都駅前地下街ポルタ,京都,"飲食店,レストラン,ラーメン",,京都府京都市下京区烏丸通塩小路下る東塩小路町902,075-708-5300,内,外,禁煙,"b2,84,22",,1100,2200,1100,2200,1100,2200,1100,2200,1100,2200,1100,2200,1100,2200,http://www.ippudo.com/,
250,宮崎酒場　ゑびす,Miyazaki Sakaba Ebisu,,,レストラン・お食事,居酒屋・創作料理,restaurant,京都駅前地下街ポルタ,京都,"飲食店,レストラン,居酒屋",,京都府京都市下京区烏丸通塩小路下る東塩小路町902,075-352-5001,内,外,禁煙,"b2,85,22",,1100,2200,1100,2200,1100,2200,1100,2200,1100,2200,1100,2200,1100,2200,http://www.porta.co.jp/shop/detail/62,ポルタのページ
251,金沢まいもん寿司,Kanazawa Maimon Sushi,,,レストラン・お食事,日本食・寿司,restaurant,京都駅前地下街ポルタ,京都,"飲食店,レストラン",,京都府京都市下京区烏丸通塩小路下る東塩小路町902,075-371-1144,内,外,禁煙,"b2,87,23",,1100,2200,1100,2200,1100,2200,1100,2200,1100,2200,1100,2200,1100,2200,https://www.maimon-susi.com/,
252,ミスタードーナツ/パイフェイス,Mister Donut/Pie face,,,レストラン・お食事,カフェ・スイーツ,restaurant,南北自由通路,京都,"飲食店,レストラン,喫茶店,スイーツ",,-,075-365-3326,内,外,禁煙,"2,52,43",,0730,2200,0730,2200,0730,2200,0730,2200,0730,2200,0730,2200,0730,2200,https://www.misterdonut.jp/,
253,スパイシー・マサラ,curry shop SPICY MASARA,,,レストラン・お食事,中華・アジアン,restaurant,南北自由通路,京都,"飲食店,レストラン,アジアン",,京都府京都市下京区東塩小路町657 ＪＲ京都駅構内,075-352-6555,内,外,,"2,51,69",,0700,2100,0700,2100,0700,2100,0700,2100,0700,2100,0700,2100,0700,2100,https://www.kyoto-station-building.co.jp/restaurant_cafe/255.html,京都駅ビル
254,旬彩和食 たちばな,Tachibana,,,レストラン・お食事,日本食・寿司,restaurant,南北自由通路,京都,"飲食店,レストラン,日本食",,京都府京都市下京区烏丸通塩小路下ル東塩小路町 JR京都駅橋上南北自由通,075-371-4202,内,外,分煙,"2,49,65",,0800,2230,0800,2230,0800,2230,0800,2230,0800,2230,0800,2230,0800,2230,https://www.kyoto-station-building.co.jp/restaurant_cafe/261.html,京都駅ビル
256,FUKUNAGA901,FUKUNAGA901,,,レストラン・お食事,カフェ・スイーツ,restaurant,京都拉麺小路～大階段南側,京都,"飲食店,レストラン,スイーツ",,京都府京都市下京区烏丸通塩小路下る東塩小路901 京都駅ビル内8F,075-342-0082,内,外,禁煙,"8,34,48",,1000,2000,1000,2000,1000,2000,1000,2000,1000,2000,1000,2000,1000,2000,http://www.fukunaga294.jp/index.html,
257,焼き釜スイーツ 茶筅,Chasen,,,レストラン・お食事,カフェ・スイーツ,restaurant,京都拉麺小路～大階段南側,京都,"飲食店,レストラン,スイーツ",,京都府京都市下京区烏丸通塩小路下ル東塩小路町901 京都駅ビル10F　京都拉麺小路,075-352-3401,内,外,禁煙,"10,34,48",,1100,2200,1100,2200,1100,2200,1100,2200,1100,2200,1100,2200,1100,2200,https://kyoto-chasen.jimdo.com/,
258,鉄板焼 五山望,Teppanyaki Gozanbo.,,,レストラン・お食事,居酒屋・創作料理,restaurant,ホテルグランヴィア京都,京都,"飲食店,レストラン",, 京都府京都市下京区 烏丸通塩小路下ル ＪＲ京都駅中央口,075-342-5521,内,外,禁煙,"15,55,46",,1130,1530,1130,1530,1130,1530,1130,1530,1130,1530,1130,1530,1130,1530,http://www.granvia-kyoto.co.jp/rest/gozan.php,ホテルグランヴィア京都
259,ビュー&ダイニング コトシエール,View and dining Cotociel,,,レストラン・お食事,イタリアン・フレンチ,restaurant,ホテルグランヴィア京都,京都,"飲食店,レストラン",, 京都府京都市下京区 烏丸通塩小路下ル ＪＲ京都駅中央口,075-342-5522,内,外,禁煙,"15,60,48",,1130,1530,1130,1530,1130,1530,1130,1530,1130,1530,1130,1530,1130,1530,http://www.granvia-kyoto.co.jp/rest/cotociel.php,ホテルグランヴィア京都
260,スカイ ダイニング & ラウンジ サザンコート,The sky Dining and lounge Southern Court,,,レストラン・お食事,ダイニングバー・バル,restaurant,ホテルグランヴィア京都,京都,"飲食店,レストラン",, 京都府京都市下京区 烏丸通塩小路下ル ＪＲ京都駅中央口,075-342-5523,内,外,禁煙,"15,64,48",,1130,1530,1130,1530,1130,1530,1130,1530,1130,1530,1130,1530,1130,1530,http://www.granvia-kyoto.co.jp/rest/south.php,ホテルグランヴィア京都
261,中国料理 六本木樓外樓,Roppongi Rogairo,,,レストラン・お食事,中華・アジアン,restaurant,ホテルグランヴィア京都,京都,"飲食店,レストラン",, 京都府京都市下京区 烏丸通塩小路下ル ＪＲ京都駅中央口,075-365-3320,内,外,禁煙,"15,50,47",,1130,1500,1130,1500,1130,1500,1130,1500,1130,1500,1130,1500,1130,1500,http://www.granvia-kyoto.co.jp/rest/roppongi.php,ホテルグランヴィア京都
262,ゲストハウス 塩小路楽粋,Guest House Shiokoji Rakusui,,,レストラン・お食事,日本食・寿司,restaurant,ホテルグランヴィア京都,京都,"飲食店,レストラン",, 京都府京都市下京区 烏丸通塩小路下ル ＪＲ京都駅中央口,075-344-8888,内,外,喫煙,"6,69,46",,1100,2200,1100,2200,1100,2200,1100,2200,1100,2200,1100,2200,1100,2200,http://www.granvia-kyoto.co.jp/rest/rakusui.php,ホテルグランヴィア京都
263,日本料理 京都吉兆,Kyoto Kitcho,,,レストラン・お食事,日本食・寿司,restaurant,ホテルグランヴィア京都,京都,"飲食店,レストラン",, 京都府京都市下京区 烏丸通塩小路下ル ＪＲ京都駅中央口,075-342-0808,内,外,禁煙,"m3,57,46",,1130,1500,1130,1500,1130,1500,1130,1500,1130,1500,1130,1500,1130,1500,https://kyoto-kitcho.com/,
264,天婦羅処 京林泉,Tempura Kyorinsen,,,レストラン・お食事,日本食・寿司,restaurant,ホテルグランヴィア京都,京都,"飲食店,レストラン",, 京都府京都市下京区 烏丸通塩小路下ル ＪＲ京都駅中央口,075-343-3535,内,外,禁煙,"m3,68,47",,1130,1500,1130,1500,1130,1500,1130,1500,1130,1500,1130,1500,1130,1500,http://kyorinsen.kyoyamato.com/,
265,日本料理 浮橋,Japanese food Ukihashi,,,レストラン・お食事,日本食・寿司,restaurant,ホテルグランヴィア京都,京都,"飲食店,レストラン",, 京都府京都市下京区 烏丸通塩小路下ル ＪＲ京都駅中央口,075-342-5527,内,外,禁煙,"m3,63,46",,1130,1500,1130,1500,1130,1500,1130,1500,1130,1500,1130,1500,1130,1500,http://www.granvia-kyoto.co.jp/rest/ukihashi.php,ホテルグランヴィア京都
266,カフェレストラン ル・タン,A cafe restaurant Le Temps,,,レストラン・お食事,レストラン,restaurant,ホテルグランヴィア京都,京都,"飲食店,レストラン",, 京都府京都市下京区 烏丸通塩小路下ル ＪＲ京都駅中央口,075-342-5525,内,外,禁煙,"2,81,44",,0630,2300,0630,2300,0630,2300,0630,2300,0630,2300,0630,2300,0630,2300,http://www.granvia-kyoto.co.jp/rest/letemps.php,ホテルグランヴィア京都
267,メインバー オルビット,Main bar Orbite,,,レストラン・お食事,ダイニングバー・バル,restaurant,ホテルグランヴィア京都,京都,"飲食店,レストラン",, 京都府京都市下京区 烏丸通塩小路下ル ＪＲ京都駅中央口,075-342-5526,内,外,分煙,"2,84,46",,1730,2430,1730,2430,1730,2430,1730,2430,1730,2430,1730,2430,1730,2430,http://www.granvia-kyoto.co.jp/rest/orbite.php,ホテルグランヴィア京都
268,ロビーラウンジ グランジュール,A lobby lounge Grand Jour,,,レストラン・お食事,喫茶店,restaurant,ホテルグランヴィア京都,京都,"飲食店,レストラン",, 京都府京都市下京区 烏丸通塩小路下ル ＪＲ京都駅中央口,075-344-8888,内,外,禁煙,"2,68,42",,0900,2130,0900,2130,0900,2130,0900,2130,0900,2130,0900,2130,0900,2130,http://www.granvia-kyoto.co.jp/rest/grandjour.php,ホテルグランヴィア京都
269,すし割烹 浮橋,Sushi Ukihashi,,,レストラン・お食事,日本食・寿司,restaurant,ホテルグランヴィア京都,京都,"飲食店,レストラン",, 京都府京都市下京区 烏丸通塩小路下ル ＪＲ京都駅中央口,075-342-5527,内,外,禁煙,"m3,63,46",,1130,1500,1130,1500,1130,1500,1130,1500,1130,1500,1130,1500,1130,1500,http://www.granvia-kyoto.co.jp/rest/ukihashi_sushi.php,ホテルグランヴィア京都
270,地酒焼肴 浮橋,Ukihashi,,,レストラン・お食事,レストラン,restaurant,ホテルグランヴィア京都,京都,"飲食店,レストラン",, 京都府京都市下京区 烏丸通塩小路下ル ＪＲ京都駅中央口,075-342-5527,内,外,禁煙,"m3,63,46",,1700,2200,1700,2200,1700,2200,1700,2200,1700,2200,1700,2200,1700,2200,http://www.granvia-kyoto.co.jp/rest/ukihashi_sakana.php,ホテルグランヴィア京都
271,エスタシオンカフェ,ESTACION CAFE,,,カフェ・スイーツ,カフェ・スイーツ,restaurant,中央コンコース・地下東口,京都,"飲食店,レストラン,喫茶店",,京都府京都市下京区塩小路町 京都駅ビルB1F,075-342-0002,内,外,分煙,"b1,61,43",,0700,2200,0700,2200,0700,2200,0700,2200,0700,2200,0700,2200,0700,2200,http://www.jwfsn.com/,
272,カフェ チェントチェント,CAFÉ Cento Cento,,,レストラン・お食事,イタリアン・フレンチ,restaurant,京都劇場,京都,"飲食店,レストラン,喫茶店",,京都市下京区烏丸通塩小路下ル 京都駅ビル内,075-361-7939,内,外,禁煙,"7,86,42",,1100,2230,1100,2230,1100,2230,1100,2230,1100,2230,1100,2230,1100,2230,https://www.kyoto-gekijo.com/facilities/index.html#restaurant,京都劇場
273,がんこ,Ganko,,,レストラン・お食事,日本食・寿司,restaurant,京都劇場,京都,"飲食店,レストラン",,京都市下京区烏丸通塩小路下ル 京都駅ビル内,075-342-5995,内,外,分煙,"2,92,42",,1100,2300,1100,2300,1100,2300,1100,2300,1100,2300,1100,2300,1100,2300,https://www.kyoto-gekijo.com/facilities/index.html#restaurant,京都劇場
274,京やさい料理 接方来,Sepporai,,,レストラン・お食事,日本食・寿司,restaurant,京都劇場,京都,"飲食店,レストラン",,京都市下京区烏丸通塩小路下ル 京都駅ビル内,075-353-9565,内,外,禁煙,"2,87,46",,1100,2300,1100,2300,1100,2300,1100,2300,1100,2300,1100,2300,1100,2300,https://www.suishin.co.jp/,
275,京都木村屋本店,Kyoto Kimuraya Honten,,,レストラン・お食事,居酒屋・創作料理,restaurant,京都劇場,京都,"飲食店,レストラン",,京都市下京区烏丸通塩小路下ル 京都駅ビル内,075-365-2000,内,外,喫煙,"1,93,39",,1100,0000,1100,0000,1100,0000,1100,0000,1100,0000,1100,0000,1100,0000,https://kidshd68.owst.jp/,
276,そば酒房 徳兵衛,SOBA TOKUBE,,,レストラン・お食事,日本食・寿司,restaurant,京都劇場,京都,"飲食店,レストラン",,京都市下京区烏丸通塩小路下ル 京都駅ビル内,075-352-3663,内,外,喫煙,"2,89,45",,1100,2300,1100,2300,1100,2300,1100,2300,1100,2300,1100,2300,1100,2300,https://www.kyoto-gekijo.com/facilities/index.html#restaurant,京都劇場
277,竈炊き立てごはん土井,Doi,,,レストラン・お食事,日本食・寿司,restaurant,ASTY京都,京都,"飲食店,レストラン",,京都府京都市下京区東塩小路高倉町8-3 　アスティロード京都1F,075-634-8545,内,外,禁煙,"1,65,71",,0900,2200,0900,2200,0900,2200,0900,2200,0900,2200,0900,2200,0900,2200,http://www.doishibazuke.co.jp/kamado-doi/,
278,寿しのむさし,Musashi,,,レストラン・お食事,日本食・寿司,restaurant,ASTY京都,京都,"飲食店,レストラン",,京都府京都市下京区東塩小路高倉町8-3 　アスティロード京都1F,075-662-0634,内,外,禁煙,"1,67,71",,1030,2230,1030,2230,1030,2230,1030,2230,1030,2230,1030,2230,1030,2230,http://www.sushinomusashi.com/,
279,原了郭,Hararyoukaku,,,レストラン・お食事,居酒屋・創作料理,restaurant,ASTY京都,京都,"飲食店,レストラン",,京都府京都市下京区東塩小路高倉町8-3 　アスティロード京都1F,075-661-9673,内,外,禁煙,"1,69,70",,1100,2100,1100,2100,1100,2100,1100,2100,1100,2100,1100,2100,1100,2100,http://www.hararyoukaku.co.jp/,
280,くらま,Kurama,,,レストラン・お食事,日本食・寿司,restaurant,ASTY京都,京都,"飲食店,レストラン",,京都府京都市下京区東塩小路高倉町8-3 　アスティロード京都1F,075-681-1539,内,外,禁煙,"1,71,71",,1000,2300,1000,2300,1000,2300,1000,2300,1000,2300,1000,2300,1000,2300,https://www.asty-kyoto.co.jp/asty_kyoto/store/151/,ASTY京都
281,グリル＆ビア 京ダイニング八条,Kyo Dining Hachijo,,,レストラン・お食事,ダイニングバー・バル,restaurant,ASTY京都,京都,"飲食店,レストラン",,京都府京都市下京区東塩小路高倉町8-3 　アスティロード京都1F,075-661-8548,内,外,分煙,"1,73,71",,1100,2300,1100,2300,1100,2300,1100,2300,1100,2300,1100,2300,1100,2300,https://www.asty-kyoto.co.jp/asty_kyoto/store/152/,ASTY京都
282,パスタモーレ,PASTAMORE,,,レストラン・お食事,イタリアン・フレンチ,restaurant,ASTY京都,京都,"飲食店,レストラン",,京都府京都市下京区東塩小路高倉町8-3 　アスティロード京都1F,075-694-2270,内,外,禁煙,"1,74,73",,0700,2300,0700,2300,0700,2300,0700,2300,0700,2300,0700,2300,0700,2300,https://www.asty-kyoto.co.jp/asty_kyoto/store/153/,ASTY京都
283,江戸川 京都店,EDOGAWA KYOTO,,,レストラン・お食事,日本食・寿司,restaurant,みやこみち,京都,"飲食店,レストラン",,京都府京都市下京区東塩小路釜殿町31-1,075-672-2081,内,外,,"1,16,72",,1100,2200,1100,2200,1100,2200,1100,2200,1100,2200,1100,2200,1100,2200,https://r.gnavi.co.jp/k520800/,みやこみち
284,とり八,TORIHATI,,,レストラン・お食事,日本食・寿司,restaurant,みやこみち,京都,"飲食店,レストラン",,京都府京都市下京区東塩小路釜殿町31-1,075-691-4680,内,外,喫煙,"1,14,73",,1100,2200,1100,2200,1100,2200,1100,2200,1100,2200,1100,2200,1100,2200,https://www.gnavi.co.jp/kinmei/gourmet.html#rest,みやこみち
285,孫兵衛,MAGOBEI,,,レストラン・お食事,日本食・寿司,restaurant,みやこみち,京都,"飲食店,レストラン",,京都府京都市下京区東塩小路釜殿町31-1,075-661-8505,内,外,,"1,12,73",,1100,2200,1100,2200,1100,2200,1100,2200,1100,2200,1100,2200,1100,2200,https://www.gnavi.co.jp/kinmei/gourmet.html#rest,みやこみち
286,おそば処　葵,OSOBA-DOKORO AOI,,,レストラン・お食事,日本食・寿司,restaurant,みやこみち,京都,"飲食店,レストラン",,京都府京都市下京区東塩小路釜殿町31-1,075-661-8998,内,外,,"1,15,75",,1100,2200,1100,2200,1100,2200,1100,2200,1100,2200,1100,2200,1100,2200,https://r.gnavi.co.jp/c919600/,みやこみち
287,京都生そば　もり平,Kyoto Kisoba Morihei,,,レストラン・お食事,日本食・寿司,restaurant,みやこみち,京都,"飲食店,レストラン",,京都府京都市下京区東塩小路釜殿町31-1,075-661-2462,内,外,喫煙,"1,10,72",,1100,2200,1100,2200,1100,2200,1100,2200,1100,2200,1100,2200,1100,2200,http://www.kyoto-morihei.com/,
288,旬菜Dining 悠　Yu,Shunsai Dining Yu,,,レストラン・お食事,居酒屋・創作料理,restaurant,みやこみち,京都,"飲食店,レストラン",,京都府京都市下京区東塩小路釜殿町31-1,075-661-3225,内,外,喫煙,"1,9,72",,1030,2230,1030,2230,1030,2230,1030,2230,1030,2230,1030,2230,1030,2230,https://www.gnavi.co.jp/kinmei/gourmet.html#rest,みやこみち
289,すし昌,Sushi Masa,,,レストラン・お食事,日本食・寿司,restaurant,みやこみち,京都,"飲食店,レストラン",,京都府京都市下京区東塩小路釜殿町31-1,075-661-6899,内,外,喫煙,"1,8,72",,1100,2200,1100,2200,1100,2200,1100,2200,1100,2200,1100,2200,1100,2200,https://www.gnavi.co.jp/kinmei/gourmet.html#rest,みやこみち
290,四川料理 洛楽,SISENRYORI RAKURAKU,,,レストラン・お食事,中華・アジアン,restaurant,みやこみち,京都,"飲食店,レストラン",,京都府京都市下京区東塩小路釜殿町31-1,075-661-7367,内,外,禁煙,"1,7,72",,1100,2200,1100,2200,1100,2200,1100,2200,1100,2200,1100,2200,1100,2200,https://r.gnavi.co.jp/k170034/,みやこみち
291,粋花KYK,Tonkatu Suika KYK,,,レストラン・お食事,居酒屋・創作料理,restaurant,みやこみち,京都,"飲食店,レストラン",,京都府京都市下京区東塩小路釜殿町31-1,075-693-4668,内,外,禁煙,"1,5,73",,1100,2200,1100,2200,1100,2200,1100,2200,1100,2200,1100,2200,1100,2200,https://www.tonkatu-kyk.co.jp/tonkatu,
292,アミーチ,Amici,,,レストラン・お食事,イタリアン・フレンチ,restaurant,みやこみち,京都,"飲食店,レストラン",,京都府京都市下京区東塩小路釜殿町31-1,075-661-3005,内,外,分煙,"1,10,75",,0600,2330,0600,2330,0600,2330,0600,2330,0600,2330,0600,2330,0600,2330,https://www.gnavi.co.jp/kinmei/gourmet.html#rest,みやこみち
293,侘家三昧,WABIYA ZANMAI,,,レストラン・お食事,居酒屋・創作料理,restaurant,みやこみち,京都,"飲食店,レストラン",,京都府京都市下京区東塩小路釜殿町31-1,075-672-2828,内,外,喫煙,"1,8,75",,1100,2300,1100,2300,1100,2300,1100,2300,1100,2300,1100,2300,1100,2300,http://www.wabiya.com/index.php,
294,京　とんちん亭,Kyo-Tonchintei,,,レストラン・お食事,日本食・寿司,restaurant,みやこみち,京都,"飲食店,レストラン",,京都府京都市下京区東塩小路釜殿町31-1,075-693-9911,内,外,,"1,6,74",,1100,2300,1100,2300,1100,2300,1100,2300,1100,2300,1100,2300,1100,2300,https://r.gnavi.co.jp/c921700/,みやこみち
295,京和食 いち藤,Kyouwashoku Ichifuji,,,レストラン・お食事,日本食・寿司,restaurant,みやこみち,京都,"飲食店,レストラン",,京都府京都市下京区東塩小路釜殿町31-1,075-662-1567,内,外,喫煙,"1,3,75",,1100,2200,1100,2200,1100,2200,1100,2200,1100,2200,1100,2200,1100,2200,http://ichifuji-kyoto.jp/index.html,
296,GRILL AND BAR　東洋亭,GRILL AND BAR TOYOTEI,,,レストラン・お食事,レストラン,restaurant,みやこみち,京都,"飲食店,レストラン",,京都府京都市下京区東塩小路釜殿町31-1,075-662-2300,内,外,禁煙,"1,1,73",,1100,2200,1100,2200,1100,2200,1100,2200,1100,2200,1100,2200,1100,2200,http://www.touyoutei.co.jp/,
297,ハマムラ近鉄名店街みやこみち店,Hamamura,,,レストラン・お食事,中華・アジアン,restaurant,みやこみち,京都,"飲食店,レストラン",,京都府京都市下京区東塩小路釜殿町31-1,075-672-1010,内,外,喫煙,"1,1,75",,1100,2130,1100,2200,1100,2200,1100,2200,1100,2200,1100,2200,1100,2200,http://www.hamamura-gr.com/index.html,
298,（構外）マンインザムーン 京都駅店,Man in the Moon,,,レストラン・お食事,ダイニングバー・バル,restaurant,みやこみち,京都,"飲食店,レストラン",,京都府京都市下京区東塩小路釜殿町31-1,075-672-2522,内,外,喫煙,,,1100,0200,1100,0200,1100,0200,1100,0200,1100,0200,1100,0400,1100,0400,http://www.maninthemoon.jp/,
299,マールブランシュ,MALEBRANCHE,,,カフェ・スイーツ,カフェ・スイーツ,restaurant,みやこみち,京都,"飲食店,レストラン,喫茶店",,京都府京都市下京区東塩小路釜殿町31-1,075-661-3808,内,外,禁煙,"1,33,71",,0900,2100,0900,2100,0900,2100,0900,2100,0900,2100,0900,2100,0900,2100,http://www.malebranche.co.jp/,
300,和カフェ 京あんじゅ,Wa-café Kyoanju,,,カフェ・スイーツ,カフェ・スイーツ,restaurant,みやこみち,京都,"飲食店,レストラン,喫茶店",,京都府京都市下京区東塩小路釜殿町31-1,075-662-5864,内,外,禁煙,"1,19,72",,0900,2200,0900,2200,0900,2200,0900,2200,0900,2200,0900,2200,0900,2200,https://www.gnavi.co.jp/kinmei/gourmet.html,みやこみち
301,京喫茶 潤,Kyo-kissa JUN,,,カフェ・スイーツ,カフェ・スイーツ,restaurant,みやこみち,京都,"飲食店,レストラン,喫茶店",,京都府京都市下京区東塩小路釜殿町31-1,075-691-2802,内,外,分煙,"1,18,74",,0700,2200,0700,2200,0700,2200,0700,2200,0700,2200,0700,2200,0700,2200,https://www.gnavi.co.jp/kinmei/gourmet.html,みやこみち
302,カフェ チャオプレッソ京都みやこみち店,CAFE CIAO PRESSO,,,カフェ・スイーツ,カフェ・スイーツ,restaurant,みやこみち,京都,"飲食店,レストラン,喫茶店",,京都府京都市下京区東塩小路釜殿町31-1,075-671-8807,内,外,禁煙,"1,12,75",,0700,2200,0700,2200,0700,2200,0700,2200,0700,2200,0700,2200,0700,2200,https://www.gnavi.co.jp/kinmei/gourmet.html,みやこみち
303,ミスタードーナツ近鉄京都ショップ,Mister Donut,,,カフェ・スイーツ,カフェ・スイーツ,restaurant,みやこみち,京都,"飲食店,レストラン,喫茶店",,京都府京都市下京区東塩小路釜殿町31-1,075-693-8155,内,外,禁煙,"1,1,75",,0900,2200,0900,2200,0900,2200,0900,2200,0900,2200,0900,2200,0900,2200,https://www.misterdonut.jp/,
304,京都アバンティ,KYOTO AVANTI,,,,施設,Facilities,,京都,施設,,京都市南区東九条西山王町31,075-682-5031,内,外,,"1,81,97",,,,,,,,,,,,,,,,,
305,メルパルク京都,Mielparque Kyoto,,,,施設,Facilities,,京都,施設,,京都府京都市下京区東洞院通七条下ル東塩小路町676-13,075-352-7444,内,外,,"1,95,30",,,,,,,,,,,,,,,,,
306,京都タワー,Kyoto Tower,,,,施設,Facilities,,京都,施設,,京都府京都市下京区東塩小路町721-1,075-361-3215,内,外,,"1,65,8",,0900,2100,0900,2100,0900,2100,0900,2100,0900,2100,0900,2100,0900,2100,,
307,京都新阪急ホテル,Hotel new Hankyu Kyoto,,,,ホテル,Hotel,,京都,"ホテル,阪急ホテル",,京都府京都市下京区東塩小路町 JR京都駅烏丸中央口正面,075-343-5300,内,外,,"1,33,8",,,,,,,,,,,,,,,,https://www.hankyu-hotel.com/hotel/hh/kyotoshh/,
308,ホテル京阪京都グランデ,Hotel Keihan Kyoto Grande,,,,ホテル,Hotel,,京都,ホテル,,京都市南区東九条西山王町31,075-661-0321,外,外,,"1,95,94",,,,,,,,,,,,,,,,,
309,イビススタイルズ 京都 ステーション,"Ibis Styles, Kyoto Station",,,,ホテル,Hotel,,京都,ホテル,,京都府京都市南区東九条上殿田町４７,075-693-8444,外,外,,"1,48,90",,,,,,,,,,,,,,,,,
310,京都タワーホテル,Kyoto Tower Hotel,,,,ホテル,Hotel,,京都,ホテル,,京都市下京区烏丸通七条下る 東塩小路町 721-1,075-361-7261,外,外,,"1,62,3",,,,,,,,,,,,,,,,,
311,ホテル近鉄京都駅,"Hotel Kintetsu, Kyoto Station",,,,ホテル,Hotel,,京都,ホテル,,京都府京都市下京区東塩小路釜殿町1-9,075-692-2111,内,外,,"1,35,69",,,,,,,,,,,,,,,,,
312,新・都ホテル,New Miyako Hotel,,,,ホテル,Hotel,,京都,"ホテル,新都ホテル",,京都府京都市南区西九条院町１７,075-661-7111,外,外,,"1,4,90",,,,,,,,,,,,,,,,https://www.miyakohotels.ne.jp/newmiyako/index.html/,
313,（構外）天然温泉花蛍の湯ドーミーインPREMIUM京都駅前,"Dormy inn Premium,  Kyoto Station Front",,,,ホテル,Hotel,,京都,ホテル,,京都府京都市下京区東塩小路町558-8,075-371-5489,外,外,,,,,,,,,,,,,,,,,,,
314,（構外）京都センチュリーホテル,Kyoto Century Hotel,,,,ホテル,Hotel,,京都,ホテル,,京都府京都市下京区東塩小路町680,075-351-0111,外,外,,,,,,,,,,,,,,,,,,,
315,ホテル法華クラブ京都,"Hotel Hokke Club, Kyoto",,,,ホテル,Hotel,,京都,ホテル,, 京都府京都市下京区 室町東入東塩小路町579-16 塩小路通,075-361-1251,外,外,,"1,57,9",,,,,,,,,,,,,,,,,
316,（構外）アパホテル　京都駅前,APA Hotel: Kyoto Station Front,,,,ホテル,Hotel,,京都,ホテル,,京都府京都市下京区 西洞院通塩小路下ﾙ南不動堂町806,075-365-4111,外,外,,,,,,,,,,,,,,,,,,,
317,（構外）アパヴィラホテル 京都駅前,APA Villa HOTEL: Kyoto Station Front,,,,ホテル,Hotel,,京都,ホテル,,東京都港区赤坂3丁目19-10,03-3582-5111,外,外,,,,,,,,,,,,,,,,,,,
318,烏丸中央口改札東,Midori-no-Madoguchi: At Karasma Central Gate,,,その他・サービス,みどりの窓口,Green Window,,京都,みどりの窓口,,,,内,外,,"1,66,42",,0530,2300,0530,2300,0530,2300,0530,2300,0530,2300,0530,2300,0530,2300,,
319,西口改札横,Midori-no-Madoguchi: At West Gate,,,その他・サービス,みどりの窓口,Green Window,,京都,みどりの窓口,,,,内,外,,"2,47,60",,0530,2300,0530,2300,0530,2300,0530,2300,0530,2300,0530,2300,0530,2300,,
320,西口改札内横,Midori-no-Madoguchi: Inside West Gate,,,その他・サービス,みどりの窓口,Green Window,,京都,みどりの窓口,,,,内,内,,"2,52,60",,0530,2300,0530,2300,0530,2300,0530,2300,0530,2300,0530,2300,0530,2300,,
321,新幹線中央口改札,Midori-no-Madoguchi: At Shinkansen Central Gate,,,その他・サービス,みどりの窓口,Green Window,,京都,みどりの窓口,,,,内,内,,"2,49,72",,0530,2300,0530,2300,0530,2300,0530,2300,0530,2300,0530,2300,0530,2300,,
322,新幹線八条口横,Midori-no-Madoguchi: At Shinkansen Hachijo-Gate,,,その他・サービス,みどりの窓口,Green Window,,京都,みどりの窓口,,,,内,外,,"1,53,72",,0530,2300,0530,2300,0530,2300,0530,2300,0530,2300,0530,2300,0530,2300,,
323,JR京都駅地下東口前,Ticket Vending Machines in front of Kyoto Station Underground East Gate,,,その他・サービス,券売機,automatic ticket vending machine,,京都,"券売機,チケット購入",,,,内,外,,"1,82,40",,0530,2300,0530,2300,0530,2300,0530,2300,0530,2300,0530,2300,0530,2300,,
324,京都駅ビル忘れ物問い合せセンター,Lost and Found at Kyoto Station Building,,,その他・サービス,忘れ物,lost property,中央防災センター,京都,"忘れ物,忘れ物センター",,-,075-361-4601,内,外,,"b1,58,39",,,,,,,,,,,,,,,,,
325,京都中央郵便局,Kyoto Central Post Office,,,,郵便局,post office,,京都,郵便局,,京都府京都市下京区東塩小路町843-12,075-365-2471,外,外,,"1,27,34",,0900,2100,0900,2100,0900,2100,0900,2100,0900,2100,0900,2100,1900,2100,,
326,（構外）京都駅八条口郵便局,Kyoto Station Hachijo-Gate Post Office,,,,郵便局,post office,,京都,郵便局,,京都府京都市南区東九条上殿田町40,075-671-7892,外,外,,,,0000,0000,0900,1700,0900,1700,0900,1700,0900,1700,0900,1700,0000,0000,,
327,おみやげ街道ＪＲ京都駅西口店,Omiyage Kaido at JR Kyoto Station West Gate,,,ギフト・おみやげ,お土産屋,Souvenir shop,,京都,"お土産屋,お土産",,京都府京都市下京区東塩小路町,075-341-7551,内,外,,"2,44,54",,0730,2200,0730,2200,0730,2200,0730,2200,0730,2200,0730,2200,0730,2200,,
328,おみやげ街道ＪＲ京都西口改札内店,Omiyage Kaido in JR Kyoto Station West Gate,,,ギフト・おみやげ,お土産屋,Souvenir shop,,京都,"お土産屋,お土産",,京都府京都市下京区東塩小路町,075-352-5461,内,内,,"2,51,50",,0700,2100,0700,2100,0700,2100,0700,2100,0700,2100,0700,2100,0700,2100,,
329,定家,Sadaie,,,ギフト・おみやげ,お土産屋,Souvenir shop,,京都,"お土産屋,お土産",,京都市下京区東塩小路町901 JR京都駅ビルB1,075-352-5463,内,外,,"b1,62,43",,0730,2030,0730,2030,0730,2030,0730,2030,0730,2030,0730,2030,0730,2030,,
330,よーじや 京都駅烏丸中央口コーナー,Yojiya Kyoto Station Karasuma Central Gate Corner,,,ギフト・おみやげ,お土産屋,Souvenir shop,,京都,"お土産屋,お土産",,京都府京都市下京区 塩小路下ル東塩小路町 烏丸中央口 烏丸通,075-353-7811,内,外,,"1,63,40",,0900,2000,0900,2000,0900,2000,0900,2000,0900,2000,0900,2000,0900,2000,,
331,よーじや 京都駅八条口コーナー,Yojiya Kyoto Station Hachijo-Gate Corner,,,ギフト・おみやげ,お土産屋,Souvenir shop,,京都,"お土産屋,お土産",,京都府京都市下京区東塩小路釜殿町 京都駅ビル,075-662-1211,内,外,,"1,59,72",,0900,2000,0900,2000,0900,2000,0900,2000,0900,2000,0900,2000,0900,2000,,
332,京ぽんと 伏水菓蔵,Kyopon and Fusei Kabura,,,ギフト・おみやげ,お土産屋,Souvenir shop,ASTY京都,京都,"お土産屋,お土産",,京都府京都市下京区東塩小路高倉町8-3 　アスティスクウェア京都2F,075-644-6112,内,外,,"2,45,74",,0930,2100,0930,2100,0930,2100,0930,2100,0930,2100,0930,2100,0930,2100,,
333,ポルタ屋上の噴水「AQUA FANTASY」裏,"Smoking Area: Behind the Fountain ""AQUA Fantasy"" on the Roof of Porta",,,その他・サービス,喫煙所,smoking area,,京都,喫煙所,,,,外,外,,"1,69,21",,,,,,,,,,,,,,,,,
334,京都駅八条口を出てすぐ,Smoking Area: Right outside Kyoto Station Hachijo-Gate,,,その他・サービス,喫煙所,smoking area,,京都,喫煙所,,,,内,外,,"1,45,81",,,,,,,,,,,,,,,,,
335,京都駅前ヨドバシカメラ横のマナースポット,"Smoking Area: Manner Spots at Yodobashi Camera, Kyoto Station",,,その他・サービス,喫煙所,smoking area,,京都,喫煙所,,,,外,外,,"1,59,0",,,,,,,,,,,,,,,,,
336,京都駅0番線の山科側,Smoking Area: Yamashina side of Kyoto Station Platform 0,,,その他・サービス,喫煙所,smoking area,,京都,喫煙所,,,,内,内,,"1,84,48",,,,,,,,,,,,,,,,,
337,近鉄京都駅構内,Smoking Area: Inside the Premises of Kintetsu Kyoto Station,,,その他・サービス,喫煙所,smoking area,,京都,喫煙所,,,,内,内,,"2,26,76",,,,,,,,,,,,,,,,,
338,トラベレックス TiS京都店,"Travelex TiS, Kyoto",,,その他・サービス,外貨両替,foreign currency exchange,,京都,"外貨両替,両替所",,京都府京都市下京区烏丸通 塩小路下ル東塩小路町JR京都駅烏丸中央口前日本旅行TiS京都支店内,075-354-9181,内,外,,"1,64,40",,0930,1900,0930,1900,0930,1900,0930,1900,0930,1900,0930,1900,0930,1900,,
339,外貨両替専門店ワールドカレンシーショップ京都駅ビル店,"World Currency Exchange, Kyoto Station Building",,,その他・サービス,外貨両替,foreign currency exchange,,京都,"外貨両替,両替所",,京都府京都市下京区 塩小路下ル東塩小路町 京都駅ビル8階 京都府旅券事務所前 烏丸通,075-365-7750,内,外,,"8,42,45",,1000,1700,1000,1700,1000,1700,1000,1700,1000,1700,1000,1700,1000,1700,,
340,トラベレックスジャパン 京都西口店,"Travelex Japan, Kyoto West Gate",,,その他・サービス,外貨両替,foreign currency exchange,,京都,"外貨両替,両替所",,京都府京都市下京区東塩小路町 JR京都駅西口改札横 日本旅行TiS京都西口支店内,075-351-5613,内,外,,"2,48,54",,0900,2000,0900,2000,0900,2000,0900,2000,0900,2000,0900,2000,0900,2000,,
341,東広場,East Square,,,その他・サービス,Wi-Fiスポット,Wi-Fi spots,,京都,Wi-Fiスポット,, kyoto-Wi-Fi,,内,外,,"7,81,43",,,,,,,,,,,,,,,,,
342,京都劇場エントランス,Kyoto Theater Entrance,,,その他・サービス,Wi-Fiスポット,Wi-Fi spots,,京都,Wi-Fiスポット,, kyoto-Wi-Fi,,内,外,,"2,85,41",,,,,,,,,,,,,,,,,
343,鳥丸小路広場,Torimarukoji Square,,,その他・サービス,Wi-Fiスポット,Wi-Fi spots,,京都,Wi-Fiスポット,, kyoto-Wi-Fi,,内,外,,"4,73,41",,,,,,,,,,,,,,,,,
344,南広場,South Square,,,その他・サービス,Wi-Fiスポット,Wi-Fi spots,,京都,Wi-Fiスポット,, kyoto-Wi-Fi,,内,外,,"4,60,46",,,,,,,,,,,,,,,,,
345,駅ビルインフォメーション,Station Building Information,,,その他・サービス,Wi-Fiスポット,Wi-Fi spots,,京都,Wi-Fiスポット,, kyoto-Wi-Fi,,内,外,,"2,49,40",,,,,,,,,,,,,,,,,
346,大階段,Large Stairway,,,その他・サービス,Wi-Fiスポット,Wi-Fi spots,,京都,Wi-Fiスポット,, kyoto-Wi-Fi,,内,外,,"1,58,41",,,,,,,,,,,,,,,,,
347,京都駅ビル専門店街ザ・キューブ2F,"The Cube Goumet Street , Kyoto Station Building 2 F",,,その他・サービス,Wi-Fiスポット,Wi-Fi spots,,京都,Wi-Fiスポット,, kyoto-Wi-Fi,,内,外,,"2,40,57",,,,,,,,,,,,,,,,,
348,京都駅ビル専門店街ザ・キューブグルメ街11F,"The Cube Gourmet Street, Kyoto Station Building 11 F",,,その他・サービス,Wi-Fiスポット,Wi-Fi spots,,京都,Wi-Fiスポット,, kyoto-Wi-Fi,,内,外,,"11,27,46",,,,,,,,,,,,,,,,,
349,京都拉麺小路,Kyoto Ramen Koji,,,その他・サービス,Wi-Fiスポット,Wi-Fi spots,,京都,Wi-Fiスポット,, kyoto-Wi-Fi,,内,外,,"10,39,47",,,,,,,,,,,,,,,,,
350,室町小路広場,Muromachi-koji Square,,,その他・サービス,Wi-Fiスポット,Wi-Fi spots,,京都,Wi-Fiスポット,,JR WEST FREE Wi-Fi & kyoto-Wi-Fi,,内,外,,"4,44,42",,,,,,,,,,,,,,,,,
351,大空広場,Ozora Plaza,,,その他・サービス,Wi-Fiスポット,Wi-Fi spots,,京都,Wi-Fiスポット,,JR WEST FREE Wi-Fi & kyoto-Wi-Fi,,内,外,,"r,25,45",,,,,,,,,,,,,,,,,
352,ユニクロ京都駅八条口店,UNIQLO,,,ショッピング,ユニクロ,Uniqlo,ASTY京都,京都,ユニクロ,,京都府京都市下京区東塩小路高倉町8-3 　アスティロード京都1F,075-693-5085,内,外,,"1,39,72",,0900,2100,0900,2100,0900,2100,0900,2100,0900,2100,0900,2100,0900,2100,,
353,マツモトキヨシ 京都駅八条口店,"Matsumoto Kiyoshi, Kyoto Station Hachijo-Gate",,,ショッピング,ドラッグストア,drugstore,ASTY京都,京都,ドラッグストア,,京都府京都市下京区東塩小路高倉町8-3 　アスティロード京都1F,075-662-1021,内,外,,"1,43,72",,0900,2200,0900,2200,0900,2200,0900,2200,0900,2200,0900,2200,0900,2200,,
354,ベルマートキヨスク京都東口,Bellmart Kyoto East Gate,,,コンビニ・スーパー,売店,supermarket,ASTY京都,京都,売店,,京都府京都市下京区東塩小路高倉町8-3 　アスティロード京都1F,075-694-0500,内,内,,"1,80,71",,0630,2200,0630,2200,0630,2200,0630,2200,0630,2200,0630,2200,0630,2200,,
355,中央口北東エスカレーター1,North-East Escalator 1 at Central Gate,,,,エスカレーター,escalator,,京都,エスカレーター,,,,内,外,,"1,79,37",,,,,,,,,,,,,,,,,
356,中央口北東エスカレーター2,North-East Escalator 2 at Central Gate,,,,エスカレーター,escalator,,京都,エスカレーター,,,,内,外,,"1,81,37",,,,,,,,,,,,,,,,,
357,中央口北東階段1,North-East Stairway 1 at Central Gate,,,,階段,Stairs,,京都,階段,,,,内,外,,"1,79,39",,,,,,,,,,,,,,,,,
358,中央口北東階段2,North-East Stairway 2 at Central Gate,,,,階段,Stairs,,京都,階段,,,,内,外,,"1,82,39",,,,,,,,,,,,,,,,,
359,中央口前階段1,Front Stairway 1 at Central Gate,,,,階段,Stairs,,京都,階段,,,,内,外,,"1,58,42",,,,,,,,,,,,,,,,,
360,中央口前階段2,Front Stairway 2 at Central Gate,,,,階段,Stairs,,京都,階段,,,,内,外,,"1,61,42",,,,,,,,,,,,,,,,,
361,南北連絡口南エスカレータ1,South Escalator 1 at South-North Access Gate,,,,エスカレーター,escalator,,京都,エスカレーター,,,,内,内,,"1,44,78",,,,,,,,,,,,,,,,,
362,Avanti連絡階段,Avanti Connecting Stairway,,,,階段,Stairs,,京都,階段,,,,内,内,,"1,80,76",,,,,,,,,,,,,,,,,
363,南北連絡口南階段1,South Stair 1 at South-North Access Gate,,,,階段,Stairs,,京都,階段,,,,内,内,,"1,44,79",,,,,,,,,,,,,,,,,
364,南北連絡口南エレベータ,South Elevator at South-North Access Gate,,,,エレベーター,Elevator,,京都,エレベーター,,,,内,外,,"1,44,80",,,,,,,,,,,,,,,,,
365,南北連絡口南エスカレータ2,South Escalator 2 at South-North Access Gate,,,,エスカレーター,escalator,,京都,エスカレーター,,,,内,内,,"1,49,77",,,,,,,,,,,,,,,,,
366,南北連絡口南階段2,South Stairway at South-North Access Gate,,,,階段,Stairs,,京都,階段,,,,内,内,,"1,49,78",,,,,,,,,,,,,,,,,
367,みやこみち内階段,Stairway in Miyakomichi,,,,階段,Stairs,,京都,階段,,,,内,外,,"1,38,70",,,,,,,,,,,,,,,,,
368,みやこみち内エスカレーター,Escalator in Miyakomichi,,,,エスカレーター,escalator,,京都,エスカレーター,,,,内,外,,"1,38,71",,,,,,,,,,,,,,,,,
369,地下連絡通路階段,Stairway to Underground Mall,,,,階段,Stairs,,京都,階段,,,,内,外,,"1,81,74",,,,,,,,,,,,,,,,,
370,大階段1,Large Stairway 1,,,,階段,Stairs,,京都,階段,,,,内,外,,"1,57,39",,,,,,,,,,,,,,,,,
371,大階段2,Large Stairway 2,,,,階段,Stairs,,京都,階段,,,,内,外,,"1,62,39",,,,,,,,,,,,,,,,,
372,中央口駅ビル中央エレベーター,Central elevator at Central Gate,,,,エレベーター,Elevator,,京都,エレベーター,,,,内,外,,"1,54,38",,,,,,,,,,,,,,,,,
373,中央口東エレベーター,East Elevator at Central Gate,,,,エレベーター,Elevator,,京都,エレベーター,,,,内,外,,"1,89,40",,,,,,,,,,,,,,,,,
374,伊勢丹内北階段1,North Stairway 2 in Isetan,,,,階段,Stairs,,京都,階段,,,,内,外,,"1,45,38",,,,,,,,,,,,,,,,,
375,伊勢丹内北階段2,North Stairway 2 in Isetan,,,,階段,Stairs,,京都,階段,,,,内,外,,"1,48,38",,,,,,,,,,,,,,,,,
376,伊勢丹内南エレベーター,South Elevator in Isetan,,,,エレベーター,Elevator,,京都,エレベーター,,,,内,外,,"2,44,47",,,,,,,,,,,,,,,,,
377,伊勢丹内北エレベーター,North Elevator in Isetan,,,,エレベーター,Elevator,,京都,エレベーター,,,,内,外,,"1,42,38",,,,,,,,,,,,,,,,,
378,伊勢丹内中央エスカレーター,Central escalator in Isetan,,,,エスカレーター,escalator,,京都,エスカレーター,,,,内,外,,"1,41,43",,,,,,,,,,,,,,,,,
379,伊勢丹内南エスカレーター,South Escalator in Isetan,,,,エスカレーター,escalator,,京都,エスカレーター,,,,内,外,,"2,33,46",,,,,,,,,,,,,,,,,
380,ポルタ左上階段,Porta Upper Left Stairway,,,,階段,Stairs,,京都,階段,,,,内,外,,"1,40,26",,,,,,,,,,,,,,,,,
381,中央口ポルタ左階段,Porta Left Stairway at Central Gate,,,,階段,Stairs,,京都,階段,,,,内,外,,"1,40,35",,,,,,,,,,,,,,,,,
382,中央口ポルタ中央階段,Porta Central Stairway at Central Gate,,,,階段,Stairs,,京都,階段,,,,内,外,,"1,55,35",,,,,,,,,,,,,,,,,
383,中央口ポルタ右階段,Porta Right Stairway at Central Gate,,,,階段,Stairs,,京都,階段,,,,内,外,,"1,69,35",,,,,,,,,,,,,,,,,
384,0番ホームエスカレーター,Escalator on platform 0,,,,エスカレーター,escalator,,京都,"エスカレーター,0番線乗り場,30番線乗り場,31番線乗り場,32番線乗り場,33番線乗り場,34番線乗り場",,,,内,内,,"1,55,48",,,,,,,,,,,,,,,,,
385,0番ホーム階段,Stairway on Platform 0,,,,階段,Stairs,,京都,"階段,0番線乗り場,30番線乗り場,31番線乗り場,32番線乗り場,33番線乗り場,34番線乗り場",,,,内,内,,"1,51,49",,,,,,,,,,,,,,,,,
386,"2,3番ホームエスカレーター",Escalators on Platform 2 and 3,,,,エスカレーター,escalator,,京都,"エスカレーター,2番線乗り場,3番線乗り場",,,,内,内,,"1,55,53",,,,,,,,,,,,,,,,,
387,"2,3番ホーム階段",Stairway on Platform 2 and 3,,,,階段,Stairs,,京都,"階段,2番線乗り場,3番線乗り場",,,,内,内,,"1,55,54",,,,,,,,,,,,,,,,,
388,"4,5番ホームエスカレーター",Escalators on Platform 4 and 5,,,,エスカレーター,escalator,,京都,"エスカレーター,4番線乗り場,5番線乗り場",,,,内,内,,"1,55,58",,,,,,,,,,,,,,,,,
389,"4,5番ホーム階段",Stairway on Platform 4 and 5,,,,階段,Stairs,,京都,"階段,4番線乗り場,5番線乗り場",,,,内,内,,"1,55,59",,,,,,,,,,,,,,,,,
390,"6,7番ホームエスカレーター",Escalators on Platform 6 and 7,,,,エスカレーター,escalator,,京都,"エスカレーター,6番線乗り場,7番線乗り場",,,,内,内,,"1,55,62",,,,,,,,,,,,,,,,,
391,"6,7番ホーム階段",Stairway on Platform 6 and 7,,,,階段,Stairs,,京都,"階段,6番線乗り場,7番線乗り場",,,,内,内,,"1,55,63",,,,,,,,,,,,,,,,,
392,"8,9,10ホームエスカレーター","Escalators on Platforms 8, 9 and 10",,,,エスカレーター,escalator,,京都,"エスカレーター,8番線乗り場,9番線乗り場,10番線乗り場",,,,内,内,,"1,55,66",,,,,,,,,,,,,,,,,
393,"8,9,10ホーム階段","Stairway on Platform 8, 9, and 10",,,,階段,Stairs,,京都,"階段,8番線乗り場,9番線乗り場,10番線乗り場",,,,内,内,,"1,55,67",,,,,,,,,,,,,,,,,
394,新幹線コンコースエスカレーター1,Shinkansen Concourse Escalator 1,,,,エスカレーター,escalator,,京都,"エスカレーター,11番線乗り場,12番線乗り場",,,,内,内,,"2,52,71",,,,,,,,,,,,,,,,,
395,新幹線コンコース階段1,Shinkansen Concourse Stairway 1,,,,階段,Stairs,,京都,"階段,11番線乗り場,12番線乗り場",,,,内,内,,"2,52,72",,,,,,,,,,,,,,,,,
396,新幹線コンコースエスカレーター2,Shinkansen Concourse Escalator 2,,,,階段,Stairs,,京都,"階段,13番線乗り場,14番線乗り場",,,,内,内,,"2,52,74",,,,,,,,,,,,,,,,,
397,新幹線コンコース階段2,Shinkansen Concourse Stairway 2,,,,階段,Stairs,,京都,"階段,13番線乗り場,14番線乗り場",,,,内,内,,"2,52,75",,,,,,,,,,,,,,,,,
398,新幹線八条口改札内エスカレーター,Escalators inside Shinkansen Hachijo Ticket Gate,,,,エスカレーター,escalator,,京都,エスカレーター,,,,内,内,,"1,59,71",,,,,,,,,,,,,,,,,
399,新幹線八条口改札内階段,Stairway inside Shinkansen Hachijo Ticket Gate,,,,階段,Stairs,,京都,階段,,,,内,内,,"1,59,72",,,,,,,,,,,,,,,,,
400,地下鉄南改札口内エスカレーター,Escalator inside South Subway Ticket Gate,,,,エスカレーター,escalator,,京都,エスカレーター,,,,内,内,,"b2,79,62",,,,,,,,,,,,,,,,,
401,地下鉄中央２改札口内エスカレーター,Escalators inside Central Subway Ticket Gate 2,,,,エスカレーター,escalator,,京都,エスカレーター,,,,内,内,,"b2,79,50",,,,,,,,,,,,,,,,,
403,ＨＩＫＡＲＩ,HIKARI,,,ショッピング,ドラッグストア,drugstore,京都駅前地下街ポルタ,京都,ドラッグストア,600-8216,京都府京都市下京区下京区東塩小路町 通 塩小路 下 ル 東 塩小路 町 902 京都 駅前 地下街 porta 烏丸駅,075-361-2022,内,外,,"b2,55,15",,1000,2100,1000,2100,1000,2100,1000,2100,1000,2100,1000,2100,1000,2100,,
404,ダイコクドラッグ 京都駅八条口店,"DAIKOKU DRUG, Kyoto Station Hachijo-Gate",,,ショッピング,ドラッグストア,drugstore,,京都,ドラッグストア,601-8002,京都府京都市南区東九条上殿田町 京都市南区東九条上殿田町４９−２,075-693-9998,外,外,,"1,60,90",,1000,2300,1000,2300,1000,2300,1000,2300,1000,2300,1000,2300,1000,2300,,
405,コクミンドラッグ 京都PORTA店,Kokumin Drug in Kyoto PORTA,,,ショッピング,ドラッグストア,drugstore,京都駅前地下街ポルタ,京都,ドラッグストア,600-8216,京都府京都市下京区東塩小路町 京都市下京区烏丸通塩小路下ル 東塩小路町902番地,075-343-3372,内,外,,"b2,87,19",,1000,2100,1000,2100,1000,2100,1000,2100,1000,2100,1000,2100,1000,2100,,
406,サンプラザ薬局 京都駅前局,"Sunplaza Pharmacy, Kyoto Station Front",,,ショッピング,ドラッグストア,drugstore,,京都,ドラッグストア,600-8216,京都府京都市下京区東塩小路町 塩小路通西洞院東入東塩小路町841−15 コウダ・ビル,075-365-3353,外,外,,"1,0,16",,0000,0000,0900,1900,0900,1900,0900,1900,0900,1900,0900,1900,0900,1700,,
407,さくら薬局 京都駅前店,"Sakura Pharmacy, Kyoto Station Front",,,ショッピング,ドラッグストア,drugstore,,京都,ドラッグストア,600-8216,京都府京都市下京区東塩小路町 塩小路通西洞院東入東塩小路町841−2 T’score春日,075-353-2066,外,外,,"1,1,16",,0000,0000,0900,2100,0900,1800,0900,2100,0900,2100,0900,1800,0900,1700,,
408,ほのか薬局,Honoka Pharmacy,,,ショッピング,ドラッグストア,drugstore,,京都,ドラッグストア,600-8216,京都府京都市下京区東塩小路町５７９−１ 山崎メディカルビル １F,075-351-8555,外,外,,"1,49,0",,0000,0000,0900,1900,0900,2000,0900,1900,0900,1900,0900,2000,0900,1800,,
409,マツモトキヨシ 京都タワーサンド店,"Matsumoto Kiyoshi, Kyoto Tower Sandwich",,,ショッピング,ドラッグストア,drugstore,,京都,ドラッグストア,600-8216,京都府京都市下京区烏丸七條下る東塩小路町721-1,075-353-5518,外,外,,"1,71,1",,1000,2230,1000,2230,1000,2230,1000,2230,1000,2230,1000,2230,1000,2230,,
410,京お弁当,Kyo Bento,,,レストラン・お食事,お弁当屋,Bento shop,,京都,"お弁当屋,駅弁屋",600-8214,京都府京都市下京区東塩小路高倉町８−３,075-693-5560,内,内,,"2,66,74",,0900,2100,0900,2100,0900,2100,0900,2100,0900,2100,0900,2100,0900,2100,,
411,授乳室 京都伊勢丹７F,Nursing room in Kyoto Isetan 7F,,,,授乳室,nursing room,ジェイアール京都伊勢丹7F,京都,授乳室,,,,内,外,,"7,19,48",,1000,2000,1000,2000,1000,2000,1000,2000,1000,2000,1000,2000,1000,2000,,
412,駅スタンプ 中央口改札横,Station Stamp Spot at Central Ticket Gate,,,,駅のスタンプ,station stamp,,京都,駅のスタンプ,,,,内,外,,"1,61,44",,,,,,,,,,,,,,,,,
413,中央口改札内　待合室,Waiting Room outside Central Ticket Gate,,,,待合室,waiting room,,京都,待合室,,,,内,内,,"1,60,46",,,,,,,,,,,,,,,,,
414,老舗・名店弁当コーナー ジェイアール京都伊勢丹店,Long-established and Famous Bento Corner in JR Kyoto Isetan,,,レストラン・お食事,お弁当屋,Bento shop,ジェイアール京都伊勢丹B2F,京都,"お弁当屋,駅弁屋",600-8215,京都府京都市下京区東塩小路釜殿町９０１ ジェイアール京都伊勢丹,075-342-5630,外,外,,"b2,46,41",,1000,2000,1000,2000,1000,2000,1000,2000,1000,2000,1000,2000,1000,2000,,
415,時の灯,Tokino Akari,,,,時計台,clock tower,,京都,"時計台,待ち合わせ",,,,内,外,,"2,46,57",,,,,,,,,,,,,,,,,
416,ゐざさ,Izasa,,,レストラン・お食事,お弁当屋,Bento shop,,京都,"お弁当屋,駅弁屋",600-8214,京都府京都市下京区東塩小路高倉町 京都市下京区東塩小路高倉町８−３ JR京都駅,0120-234-888,内,内,,"2,75,70",,0630,2100,0630,2100,0630,2100,0630,2100,0630,2100,0630,2100,0630,2100,,
417,デリカステーション京都コンコース店,Delica Station,,,レストラン・お食事,お弁当屋,Bento shop,,京都,"お弁当屋,駅弁屋",600-8215, 京都府京都市下京区東塩小路釜殿町 京都市下京区東塩小路釜殿町京都駅,075-276-2072,内,内,,"2,51,75",,0630,2130,0630,2130,0630,2130,0630,2130,0630,2130,0630,2130,0630,2130,,
418,たごさく ジェイアール京都伊勢丹店,Tagosaku in Kyoto Isetan,,,レストラン・お食事,お弁当屋,Bento shop,ジェイアール京都伊勢丹B2F,京都,"お弁当屋,駅弁屋",600-8555,京都府京都市下京区東塩小路町 京都市下京区烏丸通り塩小路下ル東塩小路町 ジェイアール京都伊勢丹,075-352-6542,内,外,,"b2,46,43",,1000,2000,1000,2000,1000,2000,1000,2000,1000,2000,1000,2000,1000,2000,,
419,とり松,Torimatsu,,,レストラン・お食事,お弁当屋,Bento shop,ジェイアール京都伊勢丹B2F,京都,"お弁当屋,駅弁屋",600-8555,京都府京都市下京区東塩小路町 京都府京都市下京区烏丸通塩小路下ル東塩小路町,075-352-1111,内,外,,"b2,46,42",,1000,2000,1000,2000,1000,2000,1000,2000,1000,2000,1000,2000,1000,2000,,
420,551蓬莱 京都伊勢丹店,551 Horai in Kyoto Isetan,,,レストラン・お食事,お弁当屋,Bento shop,ジェイアール京都伊勢丹B2F,京都,"お弁当屋,駅弁屋,飲食店,レストラン,中華",600-8216,京都府京都市下京区東塩小路町 下ル 烏丸通 ジェイアール京都伊勢丹地下2階 塩小路通,075-365-8551,内,外,禁煙,"b2,48,35",,1000,2000,1000,2000,1000,2000,1000,2000,1000,2000,1000,2000,1000,2000,,
421,551蓬莱 JR京都駅店,551 Horai,,,レストラン・お食事,お弁当屋,Bento shop,,京都,"お弁当屋,駅弁屋,中華",600-8216,京都府京都市下京区東塩小路町９０１,075-671-1551,内,外,,"2,44,74",,0900,2100,0900,2100,0930,2100,0930,2100,0930,2100,0930,2100,0930,2100,,
422,聖護院八ツ橋 京都伊勢丹店,Shogoin Yatsuhashi in Kyoto Isetan,,,ギフト・おみやげ,お土産屋,Souvenir shop,ジェイアール京都伊勢丹B1F,京都,"お土産屋,八ツ橋,お土産",600-8555,京都府京都市下京区東塩小路町 京都市下京区烏丸通塩小路下ル東塩小路町,075-352-1111,内,外,,"b1,40,39",,1000,2000,1000,2000,1000,2000,1000,2000,1000,2000,1000,2000,1000,2000,,
423,井筒八ッ橋本舗 京都伊勢丹店,Izutsu Yatsuhashi Honpo in Kyoto Isetan,,,ギフト・おみやげ,お土産屋,Souvenir shop,ジェイアール京都伊勢丹B1F,京都,"お土産屋,八ツ橋,お土産",600-8555,京都府京都市下京区東塩小路町 京都市下京区烏丸通塩小路下ル東塩小路町,075-352-1111,内,外,,"b1,41,39",,1000,2000,1000,2000,1000,2000,1000,2000,1000,2000,1000,2000,1000,2000,,
424,本家西尾八ッ橋 八条口店（ぎをん為治郎 八条口店）,Honke Nishio Yatsuhashi at Hachijo-Gate (Gion Tamejiro Hachijoguchi),,,レストラン・お食事,お土産屋,Souvenir shop,ASTY京都1F,京都,"お土産屋,飲食店,レストラン,八ツ橋,,お土産",600-8214,京都府京都市下京区東塩小路釜殿町 京都府京都市下京区烏丸通塩小路高倉町8-3,075-662-2788,内,外,禁煙,"1,49,74",,0900,2100,0900,2100,0900,2100,0900,2100,0900,2100,0900,2100,0900,2100,,
425,ポルタインフォメーション横 授乳室,Nursing Room at Porta Information Booth,,,,授乳室,nursing room,京都駅前地下街ポルタ,京都,授乳室,600-8216,京都府京都市下京区東塩小路町 京都市下京区烏丸通塩小路下ル 東塩小路町902番地 ポルタ,075-746-5386,内,外,,"b2,66,27",,1000,2100,1000,2100,1000,2100,1000,2100,1000,2100,1000,2100,1000,2100,,
426,駅スタンプ 西口改札内,Station Stamp Spot inside West Ticket Gate,,,,駅のスタンプ,station stamp,,京都,駅のスタンプ,,,,内,内,,"2,51,57",,,,,,,,,,,,,,,,,
427,B1階お手洗い,B1 Floor Restroom,,,,お手洗い,,,京都,"お手洗い,トイレ",,,,内,外,,"b1,64,42",,,,,,,,,,,,,,,,,
428,セブン-イレブン　ハートインＪＲ京都駅地下東口店　共同出張所,Seven-Eleven Heart-in JR Kyoto Station underground east exit branch,,,,,,,京都,"ATM,セブン銀行ATM",,京都府京都市下京区塩小路下ル東塩小路町 烏丸通,075-365-3122,内,外,,"b2,82,45",,0630,2330,0630,2330,0630,2330,0630,2330,0630,2330,0630,2330,0630,2330,http://www.e-map.ne.jp/p/711map/dtl/464662/?&p_s1=40000&p_f2=1&p_f3=1&p_f4=1&cond40=1&cond41=1&&his=sw,
429,セブン-イレブン　ハートインＪＲ京都駅東塩小路店　共同出張所,Seven-Eleven Heart-in JR Kyoto Station Higashi Shiokoji Branch Office,,,,,,,京都,"ATM,セブン銀行ATM",,京都府京都市下京区東塩小路町940,075-353-0080,内,外,,"1,10,35",,0630,2300,0630,2300,0630,2300,0630,2300,0630,2300,0630,2300,0630,2300,,
430,セブン-イレブン　ハートインＪＲ京都駅中央改札口店　共同出張所,Seven-Eleven Heart Inn JR Kyoto Station Central Ticket Gate Store Joint Branch,,,,,,,京都,"ATM,セブン銀行ATM",,京都府京都市下京区烏丸通塩小路下ル東塩小路町,075-371-7027,内,外,,"1,56,40",,0630,2400,0630,2400,0630,2400,0630,2400,0630,2400,0630,2400,0630,2400,,
431,セブン-イレブン　ハートインＪＲ京都駅東口改札内店　共同出張所,Seven-Eleven Heart-Inn JR Kyoto Station East Entrance Ticket Office,,,,,,,京都,"ATM,セブン銀行ATM",,京都府京都市下京区塩小路下ル東塩小路町 烏丸通,075-354-4720,内,内,,"1,63,62",,0630,2300,0630,2300,0630,2300,0630,2300,0630,2300,0630,2300,0630,2300,,
432,セブン-イレブン　ハートイン京都地下鉄京都駅南口店　共同出張所,Seven-Eleven Heart-in Kyoto Subway Kyoto Station South Entrance Branch,,,,,,,京都,"ATM,セブン銀行ATM",,京都府京都市下京区東塩小路高倉町地先,075-352-3563,内,外,,"b2,80,66",,0630,2300,0630,2300,0630,2300,0630,2300,0630,2300,0630,2300,0630,2300,,
433,ファミリーマート京都駅前１号機・２号機　共同出張所,FamilyMart Kyoto Station Unit 1 and 2 Joint Sub-Branch,,,,,,,京都,ATM,,京都府京都市下京区東塩小路町849,075-353-0567,外,外,,"1,95,18",,9999,9999,9999,9999,9999,9999,9999,9999,9999,9999,9999,9999,9999,9999,,
438,ローソン　新京都センタービル共同出張所,Lawson New Kyoto Center Building Joint Sub-Branch,,,,,,,京都,ATM,,京都府京都市下京区塩小路通烏丸西入東塩小路町614,075-344-8072,外,外,,"1,15,9",,9999,9999,9999,9999,9999,9999,9999,9999,9999,9999,9999,9999,9999,9999,,
441,ファミリーマート近鉄京都駅　共同出張所,Family Mart Kintetsu Kyoto Station Joint Branch,,,,,,,京都,ATM,,京都府京都市下京区東塩小路釜殿町31-1 近鉄京都駅構内,075-694-1176,内,内,,"2,31,76",,0600,2400,0600,2400,0600,2400,0600,2400,0600,2400,0600,2400,0600,2400,,
445,セブン-イレブン　７ＦＳ京阪バス京都駅八条口店　共同出張所,Seven-Eleven 7FS Keihan Bus Kyoto Station Hachijoguchi Branch Office,,,,,,,京都,ATM,,京都府京都市南区東九条西山王町31,075-692-3510,外,外,,"1,92,96",,0630,2300,0630,2300,0630,2300,0630,2300,0630,2300,0630,2300,0630,2300,,
449,ザ・ダイソー 京都アバンティ店,The Daiso Kyoto Avanti,,,ショッピング,,,,京都,100円ショップ,601-8003 ,京都府京都市南区東九条西山王町３１,075-693-7066,外,外,,"1,81,97",,1000,2100,1000,2100,1000,2100,1000,2100,1000,2100,1000,2100,1000,2100,https://www.daiso-sangyo.co.jp/shop/detail/8394,
,送迎バスのりば,Shuttle bus stop,,,,,,,京都,"送迎バス乗り場,リーガロイヤルホテル行送迎バス乗り場",,,,外,外,,"1,71,76",,,,,,,,,,,,,,,,,
,0番ホーム,Platform 0,,,,ホーム,Platform,,京都,0番線乗り場,,,,内,内,,"1,58,48",,,,,,,,,,,,,,,,,
,30番ホーム,Platform 30,,,,ホーム,Platform,,京都,30番線乗り場,,,,内,内,,"1,19,49",,,,,,,,,,,,,,,,,
,31番ホーム,Platform 31,,,,ホーム,Platform,,京都,31番線乗り場,,,,内,内,,"1,25,48",,,,,,,,,,,,,,,,,
,32番ホーム,Platform 32,,,,ホーム,Platform,,京都,32番線乗り場,,,,内,内,,"1,25,45",,,,,,,,,,,,,,,,,
,33番ホーム,Platform 33,,,,ホーム,Platform,,京都,33番線乗り場,,,,内,内,,"1,24,45",,,,,,,,,,,,,,,,,
,34番ホーム,Platform 34,,,,ホーム,Platform,,京都,34番線乗り場,,,,内,内,,"1,19,43",,,,,,,,,,,,,,,,,
,ニッポンレンタカー 新幹線京都駅前 営業所,NIPPON Rent-A-Car Shinkansen Kyoto Station,,,その他・サービス,レンタカー,Rent-A-Car,,京都,"レンタカー,ニッポンレンタカー",,京都府京都市南区東九条室町６４,075-681-0311,外,外,,"1,27,84",,0800,1830,0800,1830,0800,1830,0800,1830,0800,1830,0800,1830,0800,1830,https://sasp.mapion.co.jp/b/nrs/info/340337/?BT3=selectReserveOfficeWithRecommendation&ret=3,
,駅レンタカー 京都営業所,Eki Rent-A-Car Kyoto Office,,,その他・サービス,レンタカー,Rent-A-Car,,京都,レンタカー,,京都府京都市下京区西洞院町 下東塩小路940 京都駅ビル駐車場 塩小路通,075-371-3020,外,外,,"1,12,36",,0800,1900,0800,1900,0800,1900,0800,1900,0800,1900,0800,1900,0800,1900,https://www.ekiren.co.jp/annai/map/07kansai/h02601kyoto.html,
,日産レンタカー京都駅前店,Nissan Rent-A-Car Kyoto Station,,,その他・サービス,レンタカー,Rent-A-Car,,京都,レンタカー,,京都府京都市 下京 塩小路通 西洞院東入東塩小路町843-2 日生ヤサカビル1階,075-351-4123,外,外,,"1,24,16",,0800,2000,0800,2000,0800,2000,0800,2000,0800,2000,0800,2000,0800,2000,https://nissan-rentacar.com/shop/prefecture/100/?pref_cd=26&office_cd=3K4F1,
,NANZAN ギューテロワール,NANZAN GYU TERROIR,,,レストラン・お食事,レストラン,restaurant,JR西口改札前イートパラダイス,京都,"飲食店,レストラン",,京都市下京区烏丸通塩小路下ル東塩小路町,075-364-7357,内,外,禁煙,"3,39,66",,1100,2200,1100,2200,1100,2200,1100,2200,1100,2200,1100,2200,1100,2200,http://www.nanzan-net.com/,
,トイレ,Restroom,,,,お手洗い,restroom,,京都,"お手洗い,トイレ",,,,内,外,,"1,18,71",,,,,,,,,,,,,,,,,
,多機能トイレ,Multifunctional Restroom,,,,お手洗い,restroom,,京都,"お手洗い,車いす対応トイレ,多目的トイレ,トイレ",,,,内,内,,"1,86,47",,,,,,,,,,,,,,,,,
,多機能トイレ,Multifunctional Restroom,,,,お手洗い,restroom,,京都,"お手洗い,車いす対応トイレ,多目的トイレ,トイレ",,,,内,内,,"1,35,41",,,,,,,,,,,,,,,,,
,多機能トイレ,Multifunctional Restroom,,,,お手洗い,restroom,,京都,"お手洗い,車いす対応トイレ,多目的トイレ,トイレ",,,,内,内,,"2,51,67",,,,,,,,,,,,,,,,,
,多機能トイレ,Multifunctional Restroom,,,,お手洗い,restroom,,京都,"お手洗い,車いす対応トイレ,多目的トイレ,トイレ",,,,内,内,,"2,70,69",,,,,,,,,,,,,,,,,
,トイレ,Restroom,,,,お手洗い,restroom,,京都,"お手洗い,トイレ",,,,内,内,,"1,79,70",,,,,,,,,,,,,,,,,
,鳥丸口 （タクシー乗り場近く）,Torimarukuchi (B) Coin locker,,,,コインロッカー,Coin locker,,京都,コインロッカー,,,,内,外,,"1,72,39",,,,,,,,,,,,,,,,,
,地下自由通路 地下鉄役務室横,Coin lockers on Platform 8 and 9 inside the JR underground ticket gate,,,,コインロッカー,Coin locker,,京都,コインロッカー,,,,内,内,,"b2,81,58",,,,,,,,,,,,,,,,,